Rank,TeamId,TeamName,LastSubmissionDate,Score,SubmissionCount,TeamMemberUserNames
1,11283300,Clevert,"2024-02-03 13:06:34",0.898,273,"clevert,lum0s517"
2,11444543,tanxxx,"2024-02-04 13:46:49",0.895,146,tanxxx
3,11372621,"Team LP","2024-02-04 23:50:28",0.894,169,"dainagao,qtakka,shunkatayose"
4,11362156,martiroshot,"2024-02-05 00:19:39",0.894,136,martiroshot
5,11210558,"Igor Krashenyi","2024-02-04 19:15:50",0.892,241,igorkrashenyi
6,11313199,"hengck23 & lhwcv","2024-02-05 00:56:00",0.891,426,"hengck23,lihaoweicvch"
7,11255499,"Viktoria Skorik","2024-02-05 01:13:56",0.887,192,viktoriaskorik
8,11288275,turing,"2024-02-04 14:07:45",0.887,234,"kenken555333,kimijima,yudai19"
9,11448169,"Ivan Panshin","2024-02-04 22:49:40",0.885,101,ivanpan
10,11442128,"Aleksandr Kruchinin","2024-02-04 18:42:43",0.884,177,aleksandrkruchinin
11,11371916,ynhuhu,"2024-02-05 01:30:11",0.883,90,"huaqiliang,xiaoxujie,ynhuhu"
12,11217066,Volodymyr,"2024-02-04 19:40:09",0.882,268,vladimirsydor
13,11368562,"Konstantin Boyko","2024-02-04 22:31:11",0.881,96,konstantinboyko
14,11463527,提交失败的第99次,"2024-02-04 12:04:25",0.880,64,wisley1024
15,11471752,zby,"2024-02-05 02:42:12",0.880,299,"chenxupeng,herminw,jewe1ry,koalas,wenjinzhong"
16,11253671,Nana-chan,"2024-02-05 02:16:20",0.880,156,"akirakinoshita,p00207,skudos0428"
17,11243260,Combo!,"2024-02-04 16:07:45",0.877,140,"combofish,dingzhen12,zwonlie"
18,11312232,yyykrk,"2024-02-05 00:44:05",0.876,159,yyykrk
19,11206255,"[Rist] KOF","2024-02-05 00:55:15",0.876,84,"confirm,onodera,yukkyo"
20,11211664,DennisSakva,"2024-02-05 07:18:44",0.876,177,sakvaua
21,11326506,"Preferred Atlas","2024-02-04 16:28:16",0.874,167,"charmq,yoichi7yamakawa"
22,11296195,"🕵️ The Pinkerton Squad","2024-02-03 06:05:07",0.874,318,"dcchxi,hichipli,originsnicker,ruiyaoyang,sodaxie"
23,11312300,HB,"2024-02-04 23:59:14",0.874,245,"ajobseeker,bladerunner2022,tonurage,tyabanoamami"
24,11457991,Gin,"2024-02-04 22:29:03",0.873,51,ginblue
25,11259421,IKSRC,"2024-02-05 01:57:24",0.873,276,"cody11null,deepkim,ivanisaev,penpentled,snorfyang"
26,11222115,siwooyong,"2024-02-05 03:04:07",0.873,210,siwooyong
27,11207415,MaxChen303,"2024-02-05 05:28:44",0.873,191,maxchen303
28,11255902,"E/S Pronk","2024-01-30 20:59:30",0.873,192,limitz
29,11384437,"Kevin #2","2024-02-04 12:03:01",0.872,171,qkevin
30,11235124,ts,"2024-02-04 18:28:43",0.870,390,tsasakits
31,11538123,BIGGIBA,"2024-02-04 10:17:25",0.870,89,"bangbang241,boyuliuliu,buaahanqliu,zerocodefaker"
32,11445070,TimZ,"2024-02-04 23:02:27",0.870,92,"seefun,timothyzero"
33,11383675,czuryh,"2024-02-05 00:58:51",0.870,216,czuryh
34,11504880,kenta_kikuchi,"2024-02-04 02:17:43",0.869,49,kentakikuhi
35,11229072,tharun_01,"2024-02-04 17:12:04",0.869,20,tharun2001
36,11484169,fate,"2024-02-05 03:37:54",0.869,129,"atom1231,chihantsai"
37,11568314,"so hard","2024-02-04 06:37:16",0.868,121,"franklinwang363,lichenyu11,liuche2024,noncxnn,pengjiewangpj"
38,11420787,YKTT,"2024-02-05 05:48:43",0.868,118,"kami634,takatoyoshikawa,tomyanabe,yukia18"
39,11556814,BB,"2024-02-05 07:56:55",0.868,106,"berbera,ronaldkhho,ruiqizhuangricky,sougouwang,wzxz118"
40,11396182,Ol,"2024-02-01 11:39:17",0.867,29,bodilowsky
41,11278615,"Dylan Liu","2024-01-27 10:48:08",0.867,117,dylanliuofficial
42,11210753,msss,"2024-02-05 02:58:26",0.866,195,"mithilsalunkhe,sergiosaharovskiy"
43,11416278,lagoon,"2024-02-04 19:03:58",0.866,109,gufanmingmie
44,11456183,"Tim Riggins","2024-02-04 23:32:12",0.866,77,"sergeyfedorchenko,timriggins,victorsd"
45,11410111,"Trust CV or LB ? Try it.","2024-02-05 05:58:46",0.866,138,"jinjingyuanliu,justin1357,kyriebob,xrkarul"
46,11513314,"Bruce Wayne","2024-01-28 04:14:45",0.865,32,"alincijov,daaadaaa"
47,11274419,"Phil Marchenko","2024-02-04 15:38:16",0.865,36,hakuryuu
48,11561687,zihangwangwang,"2024-02-05 05:32:20",0.865,25,zihangwangwang
49,11385320,E2,"2024-02-05 03:26:41",0.864,245,emmyeil
50,11375763,something4kag,"2024-02-04 11:01:20",0.864,133,something4kag
51,11225485,"Ahmed Hassan","2024-02-05 02:10:12",0.864,77,ahmedhassan0
52,11555046,"Jie Wu","2024-02-04 11:21:22",0.864,40,lftuwujie
53,11525708,"Ray Sityu","2024-02-05 02:01:12",0.864,48,"liukechen,raysityu"
54,11347989,"min fuka","2024-02-05 02:31:40",0.864,97,minfuka
55,11543736,gogogo,"2024-02-04 05:18:31",0.864,44,"embracingface,koppoage,winefaker,zerocode1,zscorefine"
56,11428314,AI纪元,"2024-02-05 01:33:52",0.863,109,boristown
57,11294168,FreddyHu,"2024-02-05 01:34:55",0.863,64,aldebaranhd
58,11492764,ph_one1,"2024-02-03 02:40:30",0.863,57,phone1
59,11447933,tamryow,"2024-02-04 12:15:38",0.863,122,tamryow
60,11330226,Cave,"2024-02-02 10:59:23",0.863,49,markwatney
61,11216087,D.Imanishi,"2024-02-04 03:25:46",0.863,152,dimanishi
62,11386440,"Mohamed Eltayeb","2024-02-05 04:47:40",0.863,36,mohammad2012191
63,11450646,wpl,"2024-02-01 13:34:35",0.863,70,"answerqzd2,gentlezdh,leehann,peilwang,wamiottowang"
64,11267520,"Roman Stupin","2024-02-01 07:20:21",0.862,102,"alexeyorlov,danilabudarnyy,ergardtalice,rcnegby,splav12341"
65,11550299,QuantumJaguar,"2024-02-05 03:44:51",0.862,37,quantumjaguar
66,11545972,"Igor Litvin","2024-01-28 04:33:38",0.862,23,igorlitvin
67,11379841,"Alex on his way","2024-02-05 04:06:25",0.862,96,orangebig
68,11426189,FallGuysGrandMasters,"2024-02-04 23:57:08",0.862,32,"charleshetterich,schaaka"
69,11357540,monnu,"2024-01-16 01:19:14",0.862,24,fuumin621
70,11557970,"Peiyuan Mama","2024-02-04 13:57:39",0.862,12,peiyuanmama
71,11392340,"Guillermo Perez G","2024-02-05 00:02:27",0.862,212,guillermoperezg
72,11560958,YichengS,"2024-02-04 23:02:38",0.862,39,yichengs
73,11532437,"Zhen Cao","2024-02-05 04:03:21",0.861,50,caozhen86
74,11406250,"York G","2024-02-04 15:17:31",0.861,17,yue300c
75,11461522,jason,"2024-02-05 03:22:28",0.861,39,jasonzhang2022
76,11530169,mornicen,"2024-02-04 14:22:25",0.861,118,"citinger,mornicen"
77,11545995,yukiZ,"2024-02-04 14:23:42",0.861,65,hideyukizushi
78,11210924,yangaotian,"2024-02-03 03:27:44",0.861,151,"ajkhaui,dghsfjej,larjeck,yangaotian"
79,11573192,🤗konita🤗,"2024-02-04 23:04:02",0.861,35,konitac
80,11455561,"Junhua Yang","2024-02-05 01:50:40",0.861,184,junhuay
81,11476663,"Reem Abdel-Salam","2024-02-04 11:15:22",0.861,16,protegototalum
82,11454809,"Ivan Aleksandrov","2024-02-04 18:59:58",0.861,36,ivanblch
83,11562665,Ikun_89757,"2024-02-04 12:19:14",0.861,17,liuyixijia
84,11302319,"Clinton Aikhu","2024-02-03 06:13:29",0.861,22,clintontristan
85,11578284,fujibo,"2024-02-05 00:29:28",0.861,17,fujibo
86,11229071,"Kzk Knmt","2024-02-05 06:12:18",0.861,222,kzkknmt
87,11367932,跟着丞相割麦子,"2024-02-01 07:08:08",0.860,53,jiageng
88,11364958,BabiesAreBeingBombedRightNow,"2024-02-05 04:36:06",0.860,69,yasinadyaman
89,11224504,moja2moja,"2024-01-24 16:46:18",0.860,151,moja2moja
90,11207365,kglctf,"2024-02-04 08:23:20",0.860,220,kglctf
91,11548392,Aalf,"2024-02-04 21:06:53",0.860,30,lyalindmitriy
92,11575168,enzou3,"2024-02-02 12:10:47",0.860,12,enzou3
93,11370559,sugupoko,"2024-02-04 23:43:13",0.860,157,"kazumafujii,sugupoko"
94,11271897,"Dmitriy Gerasimov","2024-02-01 12:00:10",0.860,83,dmitriygerasimov
95,11477658,MMA,"2024-02-03 15:05:15",0.860,70,m7mdalbaddawi
96,11519252,dbtmddn41,"2024-02-04 19:55:00",0.860,81,dbtmddn41
97,11532450,Shizuka,"2024-01-19 17:20:57",0.860,5,janetjane
98,11452894,Kirderf,"2024-02-04 23:50:12",0.860,21,kirderf
99,11231857,"Maher Al Aabed","2024-01-31 21:00:21",0.860,32,maheralaabed
100,11311591,HLLY,"2024-02-04 14:39:16",0.860,152,"chenhuwgan,cyingying,jiaxin637,nooneuse,zhiqiangwang114"
101,11452792,qianmulin,"2024-02-05 02:00:37",0.860,13,qianmulin
102,11558665,MN4789,"2024-02-04 15:49:23",0.860,6,mn4789
103,11552883,"Syed Jarullah Hisham","2024-02-04 21:11:26",0.860,15,syedjarullahhisham
104,11580115,startalks,"2024-02-04 21:48:57",0.860,10,startalks
105,11473304,Kaito_SenNet,"2024-02-01 06:42:21",0.860,26,martinwly
106,11564776,HG_DS,"2024-02-01 00:30:41",0.860,9,"ghufran007,humaperveen"
107,11484564,"[Deleted] 687e8825-371f-4faa-879e-10e1faa0641b","2024-02-02 04:12:55",0.860,8,del=8d91107ae2ec7204
108,11574718,"Maren Sajdaras","2024-02-04 20:56:24",0.860,25,marensajdaras
109,11577415,"Digital Power","2024-02-05 03:07:39",0.860,11,mrbooger
110,11393748,"Haohan Tsao","2024-02-05 02:55:02",0.860,14,haohantsao
111,11499153,paseri,"2024-02-04 15:55:19",0.860,42,paseri
112,11578165,bc,"2024-02-04 17:21:22",0.860,17,pipbcmsi
113,11272675,"Tianhao Liu","2024-02-04 13:11:28",0.860,51,"qiwenshi,tianhao0814"
114,11548631,BandM,"2024-02-04 05:38:51",0.860,36,matsutake94
115,11418610,kambehmw,"2024-02-03 17:05:35",0.860,45,kanbehmw
116,11372983,wasjaip,"2024-02-04 16:56:58",0.860,15,wasjaip
117,11390198,Hoda,"2024-01-20 06:52:47",0.860,71,hsadeghian
118,11470964,Renoir,"2024-02-04 19:38:39",0.860,35,itahiro
119,11443383,"Vinzi Leo","2024-02-05 02:17:40",0.860,89,vinzileo
120,11549190,zxf,"2024-02-03 14:11:26",0.860,51,"hugginglook,mygdk11,myyeahnet,saedghgdg,william0001"
121,11406018,K_mat,"2024-01-19 14:42:26",0.860,24,kmat2019
122,11441354,lcllll12,"2024-01-14 02:13:56",0.860,19,lcllll12
123,11546126,Micher,"2024-02-05 00:25:18",0.860,22,mchernyshev
124,11547076,MORI123,"2024-02-04 13:04:56",0.860,65,mori123
125,11409477,❤ithea❤,"2024-02-03 23:44:33",0.860,11,zephyruszx
126,11494922,"ma 127","2024-02-04 19:06:14",0.860,59,ma1166mu
127,11215449,frank_dp2023,"2024-02-04 15:11:03",0.860,4,frankdp2023
128,11401839,JackieXu007,"2024-02-03 13:53:23",0.860,1,jackiexu0007
129,11209445,"Seeing Times","2024-02-03 13:57:21",0.860,34,"huayao111,kongbaizzc,seeingtimes"
130,11502297,"buer lv","2024-02-04 12:37:16",0.860,15,"buerlv,kagglecat1,liguangxi"
131,11227389,"kitory Yeah やきとり","2024-02-05 03:49:09",0.860,73,"aravind36,kailaspsudheer,kitoryyeah"
132,11338136,"LEVEN LIU","2024-02-04 17:01:28",0.860,126,"digitrax,liuwenzhi"
133,11386208,"A Hans from Wolfsburg","2024-02-05 00:02:43",0.860,101,"fuckvenkatraman,pkyangno1"
134,11452546,Vladislav,"2024-02-03 18:56:04",0.860,11,lenferdetroud
135,11560800,oracyin,"2024-01-30 14:26:13",0.860,5,"jocelyngg,oracyin"
136,11456369,maze508,"2024-02-01 10:04:06",0.860,20,toxicmaze
137,11270295,"LIA Chou","2024-02-04 15:33:20",0.860,23,liachou
138,11403615,Tomo_T,"2024-01-27 08:45:31",0.860,41,tota10
139,11546773,何汉桑,"2024-02-05 03:37:57",0.860,28,xianhellg
140,11267780,recursing_feynman,"2024-01-14 01:53:49",0.860,91,"masasato1999,nikotin55,recursingfeynman"
141,11456503,"Hanuman ji bharose","2024-02-02 18:16:20",0.860,34,"bhavyadhingra00020,vinayaktiwari28"
142,11473790,Poilk,"2024-01-27 20:19:39",0.860,17,victorogobi
143,11563654,"Ahmed Khaled","2024-01-29 08:50:26",0.860,14,kickitlikeshika
144,11498661,Nowgger,"2024-01-30 07:01:18",0.860,19,nowgger
145,11546779,"Malabh Bakshi","2024-01-30 03:54:56",0.860,12,malabhbakshi
146,11510715,DeadKey,"2024-01-29 16:19:28",0.860,8,dettki
147,11565090,sak,"2024-01-30 01:23:17",0.860,8,sak0822
148,11568272,"Harijs Ceriņš","2024-01-29 19:24:33",0.860,5,harijscerins
149,11504406,smokey,"2024-02-03 23:17:16",0.860,5,smokeyscraper
150,11562701,Toru59er,"2024-02-01 11:28:59",0.860,10,toru59er
151,11572248,"wiz #2","2024-02-02 06:32:27",0.860,6,shoyone
152,11560319,Dicere,"2024-01-31 18:48:31",0.860,7,thedark735
153,11484754,Xriver,"2024-02-02 08:56:34",0.860,5,xriver
154,11423327,"Ryan #2","2024-02-04 00:09:51",0.860,13,ryanet
155,11514751,kiyomomo,"2024-02-05 00:20:00",0.860,8,kiyomomo
156,11546008,Vibhatsu,"2024-02-04 14:36:22",0.860,19,vibhatsu
157,11241791,"Tahseen Islam Sajon","2024-02-05 09:21:13",0.860,66,tahseenislamsajon
158,11578088,yomikeseyu,"2024-02-04 22:50:00",0.860,8,yknitto
159,11570846,"Kris Smith","2024-02-05 02:50:32",0.860,7,krist0phersmith
160,11487036,"Pavel Pavlov","2024-02-04 19:52:11",0.860,28,akakii
161,11555469,"Allie K.","2024-02-04 23:42:44",0.860,28,blankaf
162,11513216,AkiraIshikawa,"2024-02-04 21:54:59",0.860,10,akiraishikawa
163,11208592,"Joakim Arvidsson","2024-01-27 03:34:28",0.860,31,joebeachcapital
164,11577344,KazuyukiSano,"2024-01-31 05:26:33",0.860,7,kazuyukisano
165,11580146,Canthony,"2024-02-05 00:05:16",0.860,19,cvarrichio
166,11512567,"Yassine El Ouahidi","2024-02-02 17:58:35",0.860,11,elouay
167,11551847,Steven_Y,"2024-01-31 14:07:20",0.860,11,yyyu54
168,11363930,Taro_pan,"2024-01-30 03:33:27",0.860,19,stgkrtua
169,11349095,MKRC,"2024-02-02 19:53:04",0.860,8,rram12
170,11547731,Izotov,"2024-01-25 12:54:56",0.860,5,izotov
171,11546277,"Takumi Ishii","2024-01-31 07:11:25",0.860,8,takumiishii
172,11505128,"Ravi Ramakrishnan","2024-02-03 07:17:32",0.860,27,ravi20076
173,11503547,Nagisa,"2024-01-28 17:04:38",0.860,30,"linzihaochamp,potato233"
174,11557657,"C. Beaud","2024-01-28 07:39:26",0.860,8,cbeaud
175,11560900,Celtoy,"2024-01-28 12:20:09",0.860,4,celtoy
176,11505054,jingy,"2024-01-28 06:56:06",0.860,4,jingyeung
177,11557490,machengyuan,"2024-02-03 13:44:29",0.860,5,machengyuan
178,11535091,SHENYANGPING,"2024-02-05 01:31:48",0.860,8,shenyangping
179,11578325,i-w-a,"2024-02-04 13:56:59",0.860,16,ichiko
180,11492928,"Kenneth Zhong","2024-02-02 01:18:10",0.860,8,amazingkenneth
181,11374370,Lonnie,"2024-02-04 17:03:31",0.860,14,lonnieqin
182,11568387,"PKUSZ boi","2024-02-04 23:26:54",0.860,5,pkuszboi
183,11557999,KentaTanaka,"2024-02-04 07:06:59",0.860,13,kentatanaka1data
184,11463174,dslili,"2024-02-04 08:46:29",0.860,56,"futuredsli,m1dsolo,zz1zzi"
185,11512126,"C R Suthikshn Kumar","2024-02-04 16:35:55",0.860,7,crsuthikshnkumar
186,11573393,humbleyll,"2024-02-05 01:10:23",0.860,3,humbleyll
187,11390249,"Nat Bel ML Fun","2024-02-04 07:51:40",0.860,5,natbel4ml
188,11565616,Raki,"2024-02-01 08:27:20",0.860,3,raki21
189,11561948,ZhangZ0703,"2024-02-04 16:11:34",0.860,49,zhangz0703
190,11280734,"Paulo Pinto","2024-01-31 01:46:40",0.860,4,paulorzp
191,11562083,LIUHAHA1888,"2024-01-26 09:55:24",0.860,3,liuhaha1888
192,11239648,Moondok,"2024-02-05 01:40:34",0.860,29,tjcsking
193,11432229,bitorqubitt,"2024-01-30 19:24:58",0.860,14,bitorqubitt
194,11574035,greg97436,"2024-02-04 23:57:28",0.860,6,greg974
195,11552627,samson,"2024-02-03 07:35:07",0.860,7,samson8
196,11566610,"Ivan Gevorkov","2024-01-28 20:11:25",0.860,7,ivangevorkov
197,11401367,"Takahiro Saito","2024-02-04 22:36:56",0.860,9,takahiro3110
198,11569280,Nishantkl,"2024-02-03 11:54:20",0.860,5,nishantkl
199,11355845,kuma-s,"2024-01-25 12:03:29",0.860,5,shunsakukumagai
200,11543957,"Chen Yen Ooi","2024-01-25 12:14:00",0.860,3,chenyenooi
201,11396743,"Iron Phoenix","2024-01-25 12:15:40",0.860,8,sviatoslavborodachev
202,11453663,xiaoIce,"2024-02-04 12:13:37",0.860,6,xiaoice
203,11325320,"Izzan S. A.","2024-01-25 12:39:12",0.860,5,isamobagaming
204,11558687,y.teraoka,"2024-01-29 11:07:12",0.860,6,yteraoka
205,11543717,VK,"2024-01-28 05:07:34",0.860,6,venkatkumar001
206,11296262,"Stepan Steblin-Kamenskii","2024-01-25 14:20:14",0.860,3,stepansk
207,11481491,"Code Hacker","2024-02-03 16:55:51",0.860,36,junhanzangai
208,11209232,"Mathurin Aché","2024-01-25 14:37:40",0.860,10,mathurinache
209,11318265,"Abhishek Vidhate","2024-02-04 15:36:10",0.860,14,abhishekvdev2099
210,11559210,doubleLy,"2024-02-02 10:14:32",0.860,2,doublely
211,11498275,bestwater,"2024-02-04 03:34:19",0.860,7,bestwater
212,11511143,"JJS shen","2024-02-04 15:32:42",0.860,83,"greatgreysheep,ikunniganma,jjsshen,shawnahs,springlab"
213,11332789,"Sonu Jha","2024-01-25 16:31:30",0.860,10,sonujha090
214,11368736,Marco_Zanette,"2024-02-03 23:22:23",0.860,54,marcozanette
215,11505178,hslingskr,"2024-02-04 15:51:15",0.860,28,wolfmedal
216,11509825,"Erik Lager","2024-01-25 17:04:30",0.860,1,eriklager
217,11449590,redleaf,"2024-02-04 17:10:34",0.860,21,"ijcnn2024,kagglerdo,wcqyfly"
218,11221791,"Kamal Das","2024-01-28 06:39:22",0.860,10,kmldas
219,11225050,"Ayman Khalafallah","2024-01-25 17:26:09",0.860,3,aymankh
220,11452935,"Nishant Singhal","2024-01-25 18:40:26",0.860,8,stacknishant
221,11560093,this_is_akash,"2024-01-25 20:06:20",0.860,2,akash2004cb48
222,11446561,nicferrari,"2024-01-25 21:08:15",0.860,6,nicferrari
223,11559268,"Moishe Levenstein","2024-01-25 21:35:14",0.860,1,moishelevenstein
224,11439222,"Umut Toygar Göz","2024-01-25 21:41:45",0.860,1,umuttoygargoz
225,11286864,"Aramis Vesal","2024-01-25 23:00:20",0.860,3,aramisvesal
226,11428702,Mashiro11,"2024-01-26 08:02:24",0.860,53,mashiro11
227,11353314,"Octavio Grau","2024-01-26 00:07:43",0.860,1,octaviograu
228,11451921,"Yuki #2","2024-02-02 08:05:01",0.860,30,yuki11ii
229,11225221,"Team Name","2024-01-26 00:27:36",0.860,59,"bopengiowa,cyberian516,mohammaddehghan"
230,11286031,calace,"2024-02-04 17:20:30",0.860,127,kokisakaguchi
231,11210879,"Yuhang Gong","2024-01-27 03:02:11",0.860,43,"unsayin9,yuhanggong"
232,11243825,"Albert Wang","2024-01-30 22:36:11",0.860,4,mianwang1024
233,11556690,jan1000,"2024-01-26 01:51:43",0.860,2,jan1000
234,11511594,GyoGyoCat,"2024-01-26 01:54:22",0.860,2,gyogyocat
235,11542730,ppe,"2024-02-04 11:33:31",0.860,131,"caoyitong,fanzengming,rapcat666,sxx0606,yuekaiyu"
236,11474737,kumanomi,"2024-01-30 04:31:39",0.860,6,kkkggg
237,11469424,"song hai1049","2024-01-26 08:29:10",0.860,6,songhai1049
238,11464850,Ravi,"2024-02-03 18:03:57",0.860,26,"sudharkj,tkttboit"
239,11456606,skurita,"2024-01-26 05:51:21",0.860,4,skthtu
240,11474125,Sinzeus7,"2024-02-02 06:20:55",0.860,10,sinzeus7
241,11390843,"Rafael Javier Cruz","2024-01-26 06:43:09",0.860,23,"rafaeljaviercruz,weishengdai"
242,11295336,greyhound,"2024-01-26 07:46:45",0.860,74,"adwitiyadutta,howndown,tapaskd123,workml"
243,11318895,RickyLu,"2024-02-05 07:45:46",0.860,41,rickylu
244,11561251,所追寻的那座城,"2024-01-29 15:26:34",0.860,6,distiller
245,11516083,mist665,"2024-01-26 08:19:03",0.860,3,mist665
246,11512380,"Ryoto Tada","2024-01-26 09:03:28",0.860,1,ryototada
247,11209455,"Xiaoyu Lee","2024-02-04 01:29:01",0.860,34,yoghurtlee2002
248,11562060,HiroyukiSasaki,"2024-01-26 09:59:40",0.860,1,hiroyukisasaki815
249,11426287,"MAZEN OMRAN","2024-01-30 18:29:16",0.860,68,mazenomran
250,11449293,andrekos,"2024-01-26 12:11:35",0.860,2,andrekos
251,11245331,"Akira Hirohashi","2024-01-26 12:21:37",0.860,11,akirahirohashi
252,11399459,"Hotson Honet","2024-02-04 11:05:54",0.860,10,hotsonhonet
253,11563037,Cryticoanalyst,"2024-02-01 17:30:39",0.860,8,cryticoanalyst
254,11452175,"Mark Baushenko","2024-01-26 15:34:17",0.860,2,e0xextazy
255,11209456,"Vaibhav Sharma","2024-01-26 15:56:08",0.860,15,vaibhavsharma3012
256,11383488,"Varun Manoj Gupta","2024-02-04 15:42:00",0.860,27,varunmanojgupta
257,11461436,"Suryansh Sharma","2024-01-30 13:36:41",0.860,6,suryanshsharma1
258,11308110,Sphinx,"2024-01-26 21:39:55",0.860,3,"krabhijeet,vinichaturvedi"
259,11564533,dsddsdo,"2024-01-27 00:19:36",0.860,1,yoshihikoozaki
260,11547314,hustzx,"2024-02-01 04:51:00",0.860,37,"hustzx,lanjunyelan,millerdeng"
261,11297488,"Niranjan Nakkala","2024-01-27 02:20:33",0.860,3,niranjanmudhiraj
262,11245463,Arixel,"2024-01-27 03:48:44",0.860,3,arixel
263,11498265,senkin13,"2024-01-27 06:03:41",0.860,5,senkin13
264,11564847,"Shikang Wen","2024-01-27 04:09:15",0.860,1,shikangwen
265,11356913,"Youhei Tomio","2024-01-27 05:44:18",0.860,3,youheitomio
266,11506919,Icvete,"2024-01-27 07:03:47",0.860,3,icvete
267,11564631,gomerry,"2024-02-04 01:05:45",0.860,7,shwsun73
268,11499221,Gooring,"2024-01-29 07:53:27",0.860,4,gooring
269,11369192,takumi71,"2024-01-29 04:11:51",0.860,3,takumi71
270,11478567,try,"2024-01-31 18:42:00",0.860,18,"lindapu,ltzhu99"
271,11565793,"khaled ben ahmed","2024-01-27 11:26:40",0.860,1,khaledbnahmed
272,11480727,NovaAnakin,"2024-01-31 07:07:40",0.860,6,novaanakin
273,11225858,jameslo,"2024-02-04 07:04:08",0.860,161,james8lo
274,11248752,"Kishore M","2024-01-27 14:21:50",0.860,2,reachkishore
275,11270621,"dragon zhang","2024-01-29 10:08:13",0.860,76,dragonzhang
276,11563448,"Kristina Zipa","2024-01-27 14:31:25",0.860,2,kristinazipa
277,11561539,"Алексей Омельянович","2024-01-27 14:43:17",0.860,1,alexomel7
278,11372286,"Mark Peng","2024-02-02 15:55:06",0.860,41,markpeng
279,11518125,"Antoine GALLIER","2024-02-01 14:17:01",0.860,6,antoinegallier
280,11566622,Uru,"2024-01-28 16:10:52",0.860,2,uruandriy
281,11566775,"Arda Orçun","2024-01-31 06:58:35",0.860,6,ardaorcun
282,11371645,"Yassine Alouini","2024-02-03 17:51:42",0.860,22,yassinealouini
283,11567025,"zulqarnain ali","2024-01-29 10:43:09",0.860,5,zulqarnainali
284,11376498,Saber,"2024-02-03 05:02:22",0.860,76,saberghaderi
285,11538055,"Nikita Shabalov 🐱‍💻","2024-01-27 19:40:30",0.860,1,nikitashabalov
286,11494309,Hoizzto,"2024-01-30 12:10:45",0.860,5,chaudhariharsh
287,11545720,"Manav Trivedi","2024-01-27 21:50:49",0.860,4,manavtrivedi
288,11237058,takaito,"2024-01-28 15:23:45",0.860,4,takaito
289,11541503,haroon_,"2024-01-30 23:25:50",0.860,3,ranaharoonzafar
290,11453904,"Lawrence Chernin","2024-01-28 04:22:49",0.860,2,lawrencechernin
291,11217242,darkerking,"2024-01-28 06:01:52",0.860,2,darkerking
292,11427658,"Qihang Wang","2024-01-30 16:37:50",0.860,46,"hirotetsu,wangqihanginthesky"
293,11235249,"Faisal Alsrheed","2024-01-30 05:44:13",0.860,3,faisalalsrheed
294,11443889,"Durgesh Rao","2024-01-28 08:02:12",0.860,3,durgeshrao9993
295,11531294,lingskrskr,"2024-01-28 08:13:21",0.860,9,"lingskrskr,xuxiskr"
296,11521139,"yuli Yansuo","2024-01-28 08:38:04",0.860,5,yuliyansuo
297,11568888,"Sakib Ahmed","2024-01-28 09:42:40",0.860,1,skbahmed
298,11495627,zy_newbie,"2024-01-31 03:30:44",0.860,7,zynewbie
299,11569286,Oregin,"2024-01-29 12:50:40",0.860,5,oregin2kaggle
300,11569763,"Firat Gonen","2024-01-28 14:42:50",0.860,1,frtgnn
301,11303747,kyotaro,"2024-02-04 14:55:19",0.860,16,kyotaroh
302,11557101,rootacess,"2024-01-28 15:49:46",0.860,3,swayamsingh
303,11570253,parksb_skku,"2024-01-28 17:07:24",0.860,1,sungbupark
304,11489202,HK,"2024-01-29 02:59:46",0.860,5,hizurukonishi
305,11444456,"Richard Bian","2024-01-29 03:36:08",0.860,2,bianshengtao
306,11571611,"Benz Nguyen","2024-01-29 04:25:55",0.860,2,ducnguyenvan
307,11571711,"yuks (Yuki Nakata)","2024-01-29 05:06:54",0.860,1,yuks0810
308,11549477,zuchuanye,"2024-02-04 06:08:24",0.860,8,zuchuanye
309,11416975,hanyl91,"2024-01-30 00:28:26",0.860,44,hanyl91
310,11218403,"Abbass ZEIN EDDINE","2024-01-30 07:51:46",0.860,59,abbasszd
311,11572702,"Khalil Barbouchi","2024-01-29 10:31:12",0.860,1,khalilbarbouchi
312,11460460,"Иван Третьяков","2024-02-02 09:19:14",0.860,9,hopeofchange
313,11212604,"Maxim Ilyin","2024-02-04 13:34:25",0.860,10,fautei
314,11207296,AndNov,"2024-01-29 20:12:24",0.860,3,andnov
315,11510762,"Sam Nixon","2024-01-29 21:05:54",0.860,1,snixon2
316,11530050,TRACERK,"2024-01-30 01:29:35",0.860,3,tracerk
317,11207712,TooruOonuma,"2024-01-30 08:14:34",0.860,23,sirokujira
318,11575559,Xander,"2024-01-30 01:59:06",0.860,1,canqiang
319,11494006,"koihoo Wang","2024-01-31 01:46:36",0.860,5,koihoowang
320,11536118,"Yi-Fu Chen","2024-01-30 03:25:45",0.860,1,yifuchen0
321,11575929,"Dongming Xie","2024-01-30 04:00:41",0.860,2,xdm67959
322,11517194,akaJackyYANG,"2024-02-03 18:44:41",0.860,7,akajackyyang
323,11576225,"Maehashi Tatsuya","2024-01-30 05:07:54",0.860,1,maehashitatsuya
324,11457471,antonio1001,"2024-01-30 05:24:54",0.860,3,antonio1001
325,11474070,"Fire Bird","2024-01-30 05:27:44",0.860,2,xuanleekaggle
326,11254364,JiaLeYu1024,"2024-01-30 06:24:45",0.860,1,jialeyu1024
327,11247576,nuer007,"2024-01-30 07:15:40",0.860,3,nuer007
328,11447873,ebikazuki,"2024-02-05 00:28:03",0.860,29,ebikazuki
329,11454007,yigecaiji,"2024-01-31 05:34:46",0.860,26,yigecaiji
330,11225407,"Mohammad Essam","2024-01-30 13:03:52",0.860,9,mohammedessam97
331,11540371,"Lv xufei","2024-02-03 20:04:16",0.860,14,lvxufei
332,11479129,happyaiss,"2024-02-04 13:33:12",0.860,16,"bertges,happyaiss"
333,11578982,wendy421,"2024-01-31 11:39:58",0.860,7,wendy421
334,11224307,"Prashant Kikani","2024-01-30 16:23:26",0.860,7,prashantkikani
335,11244910,"Liuda Cheldieva","2024-01-30 17:02:07",0.860,2,liudacheldieva
336,11281948,FernandoAEsteves,"2024-02-05 02:09:01",0.860,69,fernandoaesteves
337,11576704,"Vipin Kumar","2024-01-31 10:06:45",0.860,4,vipin20
338,11271480,"Aleksandr Lavrikov","2024-01-30 18:16:25",0.860,1,lavrikovav
339,11579298,"Vineeth Reddy Guda","2024-02-04 19:07:11",0.860,2,vineethreddyguda
340,11350177,Cazar9,"2024-01-30 18:29:32",0.860,4,cazar9
341,11409516,"Min-Hsien Weng","2024-02-05 01:00:55",0.860,20,minhsienweng
342,11541414,"Im looking for a job","2024-01-30 23:46:55",0.860,3,popcornmike
343,11458841,gfiuea,"2024-01-31 01:45:13",0.860,3,gfiuea
344,11271127,Ryo3162277,"2024-02-02 01:57:02",0.860,19,tapufini
345,11456456,lzh2000,"2024-01-31 03:45:18",0.860,8,lzh2000
346,11255823,"Ricardo Martín","2024-01-31 05:50:34",0.860,4,ricardomrodrguez
347,11289625,"Kafka Tamura","2024-01-31 07:08:13",0.860,2,kafka404
348,11499986,"Anton Kisilishyn","2024-01-31 10:00:45",0.860,1,antonius42
349,11229968,perdigao1,"2024-02-05 09:30:06",0.860,29,perdigao1
350,11479223,AO2233,"2024-01-31 11:48:00",0.860,11,ao2233
351,11312353,RenWaTake,"2024-01-31 12:22:04",0.860,1,kzptij
352,11467453,xjj1234,"2024-02-02 16:27:38",0.860,2,xjj1234
353,11544051,clairl,"2024-01-31 15:07:40",0.860,1,clairl
354,11311572,"Jason Gedamke","2024-01-31 15:47:49",0.860,6,jasongedamke
355,11554854,"Dengzhe Hou","2024-01-31 16:29:57",0.860,2,monkeydz
356,11236717,"HAFIZ MUHAMMAD IMRAN KHAN","2024-01-31 16:53:06",0.860,5,csmimrankhan
357,11460963,DailiCai,"2024-02-03 23:45:25",0.860,8,dailicai
358,11478640,Satwik,"2024-01-31 18:05:56",0.860,4,sinhasatwik
359,11481495,Growingduck,"2024-02-04 01:57:34",0.860,8,jaeminkang2021
360,11277317,rc95401,"2024-01-31 20:23:04",0.860,5,rc95401
361,11412842,"Abid Munna","2024-02-02 19:31:59",0.860,2,abidmunna
362,11423415,mcedmond,"2024-02-01 00:35:03",0.860,9,mcedmond
363,11541337,gdong1,"2024-02-01 01:18:47",0.860,2,gdong1
364,11489820,梦断楼兰,"2024-02-01 01:54:00",0.860,2,zhuaxia
365,11493154,"DongSoo,SEO","2024-02-05 06:45:18",0.860,3,dongsooseo55
366,11556753,ywraixw,"2024-02-01 03:44:12",0.860,2,ywraixw
367,11474369,stars_w,"2024-02-01 04:10:25",0.860,4,starsw
368,11454448,"kazuki morikawa","2024-02-01 04:37:46",0.860,11,kazukimorikawa
369,11492848,"Rajesh Katta","2024-02-01 04:49:22",0.860,2,rajeshkatta
370,11440240,xsong2020,"2024-02-01 04:59:33",0.860,9,xstargate
371,11402582,y0ng1e,"2024-02-01 06:18:24",0.860,2,yongleliu
372,11319146,Andrij,"2024-02-01 16:22:08",0.860,11,aikhmelnytskyy
373,11445558,sullen7,"2024-02-01 08:07:57",0.860,2,sullen7
374,11386272,adc.adc,"2024-02-01 09:39:44",0.860,3,"qllqll,winniekaggle"
375,11507662,Zq5yGzjg,"2024-02-01 10:23:49",0.860,1,zq5ygzjg
376,11578241,Dametime0,"2024-02-01 11:54:53",0.860,1,dametime0
377,11354061,勇往直前,"2024-02-03 11:08:37",0.860,51,shigengtian
378,11526471,"Umer Farooq","2024-02-01 15:51:36",0.860,1,umerfarooq807
379,11299508,vb,"2024-02-01 20:51:21",0.860,14,vyacheslavbolotin
380,11469300,LIUGT,"2024-02-02 03:21:52",0.860,5,hello66
381,11560349,DHZM,"2024-02-02 03:26:46",0.860,4,"invescointern,luohongchen1993"
382,11249604,MICADEE,"2024-02-02 06:37:40",0.860,1,adegladius
383,11546039,"Kobayashi Tohru","2024-02-02 07:06:13",0.860,2,kobayashitohru
384,11372344,gugu,"2024-02-05 04:51:05",0.860,42,biancochiu
385,11470065,yinan-kaggle,"2024-02-02 11:46:01",0.860,12,yinankaggle
386,11540680,"Daria Bromot","2024-02-02 12:11:18",0.860,2,bromotdi
387,11424557,hm111211,"2024-02-02 14:04:19",0.860,1,hm111211
388,11219182,panda,"2024-02-02 20:47:44",0.860,10,kojimar
389,11224886,"Marek Nurzynski","2024-02-04 21:47:51",0.860,14,marek3000
390,11231824,Arunodhayan,"2024-02-02 18:57:46",0.860,194,arunodhayan
391,11211114,"Erdi Kılıç","2024-02-02 19:55:20",0.860,19,erdican
392,11210435,"Vu Minh Quan","2024-02-02 20:19:57",0.860,3,quan0095
393,11487755,"Ionuț Bujor","2024-02-04 23:22:29",0.860,30,ionubujor
394,11303493,AnthonyTherrien,"2024-02-02 23:50:22",0.860,6,anthonytherrien
395,11231274,"MASAAKI HAYASHI","2024-02-04 13:36:47",0.860,30,masaakihayashi
396,11458339,B.S.Kishore,"2024-02-03 06:57:30",0.860,8,nanobiotechguy
397,11577841,Dmitry,"2024-02-03 09:45:55",0.860,2,dmitriy89
398,11521866,n3onnhowever,"2024-02-03 09:49:43",0.860,1,n3onnhowever
399,11214566,shoji,"2024-02-03 10:18:25",0.860,6,shoiwa
400,11479237,ls,"2024-02-03 13:16:37",0.860,2,joek47
401,11248908,xiaoshylaino,"2024-02-03 13:21:41",0.860,7,chengluu
402,11473063,"Tezikov Roman","2024-02-05 00:10:14",0.860,14,romach
403,11421116,"SALAH ELDIN ELNABARAWY","2024-02-03 21:03:10",0.860,3,salaheldinelnabarawy
404,11567481,"Abhinav Naikawadi","2024-02-03 23:30:43",0.860,1,abhinavnaikawadi
405,11433778,JRPC,"2024-02-04 11:14:07",0.860,4,juanricardop
406,11575416,Reiya.S,"2024-02-05 05:32:02",0.860,2,reiyas
407,11531847,davinci254254,"2024-02-04 08:19:56",0.860,5,howardjiaqihua
408,11451020,smile,"2024-02-04 15:17:08",0.860,16,lxysimple
409,11217923,"Sergey Surguchev","2024-02-04 15:39:20",0.860,19,sergeysurguchev
410,11464490,"Anurag Jakkula","2024-02-04 16:31:00",0.860,9,anuragjakkula
411,11319064,cescofran,"2024-02-04 20:50:10",0.860,6,cescofran
412,11373830,"Dheeraj M Pai","2024-02-04 18:30:02",0.860,2,dheerajmpai
413,11483710,"Old Entertainment","2024-02-05 00:05:57",0.860,6,bluella
414,11545946,"SUZUKI SEIYA","2024-02-05 01:23:31",0.860,6,shadie520
415,11424472,"wu wu","2024-02-05 02:59:22",0.860,1,luanwuwuyang
416,11403998,"A Data Scientist","2024-01-28 14:28:50",0.860,16,andreasbis
417,11548999,chenyuecy,"2024-01-28 14:56:21",0.860,6,chenyuecy
418,11456108,"Seif Eddine Achour","2024-01-28 16:07:20",0.860,17,seifachour12
419,11470662,BUGOOman,"2024-02-05 07:18:49",0.860,46,"bugooman,chinartist"
420,11379994,Phoebuspan,"2024-01-29 07:17:09",0.860,4,phoebuspan
421,11216995,"Abdelrhman Salah22","2024-01-29 20:51:24",0.860,6,abdelrhmansalah22
422,11244349,"Liam Kristoffy","2024-01-29 11:10:34",0.860,12,liamkristoffy
423,11554899,Grey12,"2024-02-02 13:39:06",0.860,3,grey12
424,11560614,"Matan Tsipory","2024-01-25 23:25:28",0.860,1,matant
425,11375243,kotaro,"2024-02-05 07:21:07",0.860,145,"kasumihotaru,kotarojp"
426,11559577,biubiubiuha,"2024-02-04 04:45:41",0.860,26,biubiubiuha
427,11563569,ma4ypic4y,"2024-01-29 23:49:00",0.860,6,ma4ypic4y
428,11450653,Koi,"2024-02-04 08:12:38",0.859,4,flashba
429,11567794,"Hao JiahuoHAHA","2024-02-03 13:59:21",0.859,2,haojiahuohaha
430,11470943,"Mohamed abdelrazik","2024-01-29 04:50:22",0.859,17,mohamed3abdelrazik
431,11440763,"[Deleted] e34889ce-0f06-4a35-b569-4a0cde592abf","2024-01-05 01:37:39",0.859,3,del=91ec046d0d409af5
432,11466699,Nicole,"2024-02-02 14:35:51",0.859,5,algerwang
433,11334630,"Ada Luo Dao","2024-01-14 08:06:20",0.859,62,adaluodao
434,11233984,hope,"2024-01-08 11:14:28",0.859,145,"liujinjinhello,zhyl555"
435,11506066,QuantumCoder98,"2024-01-21 07:38:38",0.859,3,quantumcoder98
436,11506307,CyberGuru89,"2024-01-21 08:19:13",0.859,2,cyberguru89
437,11506845,VincenthMil,"2024-01-21 08:39:24",0.859,2,vincenthmil
438,11511708,RoyiTauntonv,"2024-01-21 12:43:18",0.859,3,royitauntonv
439,11539656,NancydLeo,"2024-01-22 07:39:53",0.859,2,nancydleo
440,11539773,CarljMur,"2024-01-21 15:19:28",0.859,1,carljmur
441,11543386,DonaldkCullina,"2024-01-22 11:23:42",0.859,1,donaldkcullina
442,11547671,serendipity,"2024-01-23 07:57:33",0.859,1,kirvk013
443,11439389,"Carpiniello Brown","2024-01-06 22:43:22",0.859,17,carpiniellobrown
444,11205974,"Hiểu Vy","2024-01-22 12:23:20",0.859,51,thangnm1
445,11338326,"Jiaxi Sun","2024-02-02 01:31:54",0.859,15,sunkroos
446,11549137,huoxu,"2024-02-05 03:01:29",0.859,21,tanyong666
447,11487673,"Abinash Bordoloi","2024-01-08 22:47:40",0.859,1,abinashbordoloi
448,11473177,rise,"2024-01-11 06:33:02",0.859,20,"lyapr12,wangxuc"
449,11461717,"Abheeshth Mishra","2024-02-03 22:07:42",0.859,40,"abheeshthmishra,dududu16,janbrederecke"
450,11492236,tp2422,"2024-01-09 23:12:47",0.859,1,tp2422
451,11444619,dky,"2024-01-11 05:59:01",0.859,2,dky7376
452,11464047,"Sri Harsha Eedala","2024-01-11 22:00:33",0.859,3,sriharshaeedala
453,11501607,PhoenixKnight,"2024-01-22 08:33:31",0.859,6,phoenixknight
454,11484178,Jinttt,"2024-01-12 08:49:31",0.859,2,jinttt
455,11502124,Joctor,"2024-01-12 13:44:13",0.859,3,tcoian
456,11511214,"David Hornei","2024-01-15 04:43:56",0.859,2,davidhornei
457,11511852,"Wilbur Price","2024-01-21 13:25:32",0.859,3,wilburprice
458,11431184,T_MS,"2024-01-22 09:10:38",0.859,30,tmsuika
459,11496409,enddl22,"2024-01-24 13:08:56",0.859,9,enddl22
460,11430069,"[Deleted] 685aa67c-9130-449c-b351-1753895d6c69","2024-01-07 19:32:51",0.859,66,del=0b6f388763e06b75
461,11402027,"Good Night Makka Pakka","2024-01-07 11:14:28",0.859,9,cuboorandell
462,11380437,Sadaaad,"2024-01-23 13:49:46",0.859,17,sadaaad
463,11505606,PoisonousDragon,"2024-01-13 08:36:50",0.859,3,poisonousdragon
464,11347306,Yoshi_K,"2024-01-25 00:09:06",0.859,14,yoshikuwano
465,11218911,"Nghi Huynh","2024-01-05 03:35:15",0.859,29,nghihuynh
466,11334863,"MISAKI MATSUTOMO","2024-01-14 14:37:18",0.859,44,misakimatsutomo
467,11447003,HK1117,"2024-01-11 15:09:16",0.859,21,hayashikoki
468,11473210,OverWhelmingFIT,"2024-01-05 06:53:14",0.859,1,eashenyang
469,11262862,"OHO CAMOE","2024-01-05 07:44:08",0.859,7,ohocamoe
470,11420859,"Nobu Kimura","2024-01-10 11:40:59",0.859,4,keb1175
471,11473551,Rib~,"2024-01-19 02:22:05",0.859,53,dc5e964768ef56302a32
472,11478323,JameszGaffneyl,"2024-01-23 03:00:31",0.859,7,jameszgaffneyl
473,11481353,vrinacode,"2024-01-07 09:06:01",0.859,1,vrinacode
474,11234684,xddcc,"2024-01-18 00:39:14",0.859,12,fuminsyo
475,11209190,ZHR,"2024-02-04 02:57:21",0.859,33,zhrthegreat
476,11212065,Kurokawa,"2024-02-04 16:31:56",0.859,60,mkurokawa
477,11498888,"TK(TeamShiny in Akihabara)","2024-01-11 23:42:56",0.859,4,toshihikok
478,11501869,SilverLion33,"2024-01-12 06:29:52",0.859,1,silverlion33
479,11504750,guochangZhang,"2024-01-14 16:15:39",0.859,6,guochangzhang
480,11506888,GemKnight,"2024-01-13 16:42:47",0.859,2,gemknight
481,11462525,longRookie,"2024-01-16 01:55:39",0.859,24,longrookie
482,11509291,MargosHeathu,"2024-01-14 13:18:29",0.859,1,margosheathu
483,11521051,sunshine,"2024-01-17 13:06:27",0.859,1,timni642
484,11521506,"Action Kamen","2024-01-17 14:48:24",0.859,1,ovryk214
485,11523281,"Wei Hao Khoong","2024-01-19 00:41:55",0.859,3,khoongweihao
486,11521288,npusrc,"2024-02-05 04:53:15",0.859,19,npusrc
487,11443364,BK0717,"2024-02-05 07:15:36",0.859,15,forgakki
488,11440737,deerfirefox,"2024-01-22 07:24:55",0.859,8,deerfirefox
489,11539651,"Maverick #2","2024-01-21 14:41:24",0.859,2,iguyhf
490,11242217,Bioxes,"2024-01-08 12:27:58",0.859,23,bioxes
491,11241626,Yoshi87,"2024-01-11 14:01:15",0.859,4,yoshi87
492,11325162,"Strategy SRVL","2024-01-15 07:18:10",0.859,2,strategysrvl
493,11480793,Dreamer,"2024-01-15 11:35:34",0.859,2,karimraz
494,11557440,mrlcv,"2024-01-16 14:31:49",0.859,4,"rougamo,sistmrl"
495,11506012,lhchina,"2024-02-05 02:07:09",0.859,90,"hhhhjjk,lhchina,qqchina,residualop,william0002"
496,11337841,"Mikołaj Sacha","2024-01-17 15:11:12",0.859,27,mikolajsacha
497,11527199,BreezyBard,"2024-01-18 13:36:30",0.859,4,breezybard
498,11411071,zznznb,"2024-02-04 14:12:47",0.859,62,zznznb
499,11450665,GideonZero,"2024-01-20 06:35:21",0.859,6,gideonzero
500,11537844,"John Patrick7","2024-01-21 04:29:43",0.859,5,johnpatrick7
501,11539979,wzs,"2024-01-23 06:41:36",0.859,3,wzsinkaggle
502,11347723,ITASps,"2024-01-23 15:23:42",0.859,4,itasps
503,11293398,CodeCrafters,"2024-01-24 07:28:02",0.859,8,"adarshsidnal,gayatrishenvi,kshitij52,sayamjain123,sidhantchaturwedi"
504,11504407,Panda,"2024-01-24 15:18:30",0.859,2,randc12
505,11341992,Chinmaya,"2024-01-24 16:57:09",0.859,2,chinmayadatt
506,11451765,submarineas,"2024-01-15 16:48:37",0.859,9,"guangpengwang,submarineas"
507,11445396,qsvwk406,"2024-01-22 11:37:46",0.859,6,qsvwk406
508,11527218,"Ye Liu Best","2024-01-31 14:07:38",0.859,8,yeliubest
509,11213331,"Zaraki Kenpachi","2024-01-07 04:32:58",0.859,35,kenpachi99
510,11358837,"Boris AI Research Center","2024-01-03 09:16:55",0.859,1,"gustar8,salvatoresorrentino"
511,11227964,"Ángel Jacinto Sánchez Ruiz","2024-02-05 08:06:54",0.859,170,sacuscreed
512,11235936,tbt,"2024-01-08 02:11:29",0.859,23,hikarutabata
513,11465674,"Eiji Kojima","2024-01-13 15:02:12",0.859,4,saboten3
514,11351344,Kara,"2024-02-04 16:35:55",0.859,10,"drchenb,miniroi,nubiakaggle,vs2024"
515,11406738,"CodeMely - Hust","2024-01-04 03:29:21",0.859,45,"cngonngc,ducchu12,tancaothien"
516,11239626,"Seung Jae Lee","2024-02-04 15:45:52",0.859,55,"frederickvlee,sjlee101"
517,11335530,"Farhan Ali","2024-01-04 04:15:04",0.859,35,"hifarhanali,muhmmadshmoon,skulkscold"
518,11282504,"THUNDER THUNDER","2024-01-04 06:25:38",0.859,14,thunderthunder
519,11227324,PraMamba,"2024-01-04 06:43:15",0.859,2,pramamba
520,11404570,kj,"2024-01-04 10:05:11",0.859,2,kojiyokoyama
521,11471221,"Khlifi Mohamed","2024-01-04 12:48:21",0.859,1,khlifimohamed
522,11448610,zhiyue666,"2024-01-04 14:13:21",0.859,4,zhiyue666
523,11477163,CaspianZero,"2024-01-20 13:11:15",0.859,7,caspianzero
524,11456787,"Scouts Jim","2024-01-06 09:17:16",0.859,4,scoutsjim
525,11480359,k8tems,"2024-01-09 11:22:35",0.859,7,k8tems
526,11487800,Clapyon,"2024-01-09 10:23:49",0.859,2,hirokura
527,11327835,NEXTNLP,"2024-02-04 16:26:14",0.859,26,"jitoor,kagglecodalab,nextnlp,submitcsv,thesourch"
528,11495156,"[Deleted] 3792b8b6-d77b-436e-b421-6677cfd65056","2024-01-10 13:58:42",0.859,2,del=c4ecc9d2766e91d9
529,11338341,kaggle_mini,"2024-01-16 04:05:36",0.859,9,"addicated,aiforcode,kagglegoski,kagglemini"
530,11498128,"Mohan Jing","2024-02-05 02:12:02",0.859,3,jingmohan
531,11272971,major_s357,"2024-01-21 10:37:53",0.859,14,majors357
532,11511318,littlebaiKC,"2024-01-18 16:19:07",0.859,3,littlebaikc
533,11521939,GNR_network,"2024-01-21 12:09:04",0.859,2,gnrnetwork
534,11266656,naocanzouyihui,"2024-02-03 16:39:00",0.859,48,naocanzouyihui
535,11226185,"Pascal Pfeiffer","2024-02-04 18:18:09",0.859,13,ilu000
536,11391007,"Abid Ali Awan","2024-01-21 21:40:32",0.858,2,kingabzpro
537,11542920,UUSSNG,"2024-02-05 04:50:58",0.858,29,uussng
538,11369311,XLeglv,"2024-02-04 13:56:30",0.858,15,xleglv
539,11420897,"Zhuolin Zhang","2024-02-05 02:00:12",0.858,12,zzl847245720
540,11456223,xuxu_sky,"2024-01-03 03:26:15",0.858,9,xuxu1234
541,11282209,Satya,"2024-01-03 06:11:04",0.858,14,satyaprakashshukl
542,11224235,"Chandan Verma","2024-01-27 10:10:15",0.858,45,chandanverma
543,11485221,xiaoweimin,"2024-01-04 09:44:09",0.858,2,"sjtuwangshuo,xiaoweimin"
544,11334972,"Dineo Mofammere","2024-01-05 22:45:24",0.858,18,dineomofammere
545,11382588,menno,"2024-02-04 16:17:54",0.858,140,menno1111
546,11485278,begpo,"2024-01-21 18:23:22",0.858,16,begpo24
547,11466358,pbwic036,"2024-01-03 08:23:23",0.858,1,pbwic036
548,11504645,bc_bot,"2024-01-25 10:24:46",0.857,17,bcsong
549,11428973,ZundaS,"2024-02-04 23:53:38",0.857,132,"jooott,ryosukesaito"
550,11334919,"Haoyu Wangc","2024-01-14 14:38:08",0.857,31,haoyuwangc
551,11494224,抽奖,"2024-02-05 08:46:33",0.857,105,forcewithme
552,11407454,𝕆𝔸ℝ𝔽𝕀𝕊ℍ,"2024-02-04 21:43:52",0.857,14,oarfish
553,11432430,Anivia,"2024-02-04 14:42:33",0.857,10,anivia
554,11408287,"Longcheng Guo","2024-01-14 19:08:55",0.857,38,longchengguo
555,11234353,BaAis,"2024-01-21 11:03:39",0.857,12,aeyeee
556,11323455,DatacatSam,"2024-01-03 07:54:38",0.857,8,datacatsam
557,11216807,tihonby,"2024-01-03 08:28:42",0.857,2,tihonby
558,11352707,MykolaSharhan,"2024-01-08 03:26:54",0.857,1,nhargan
559,11427895,"Roupen Minassian","2024-01-08 06:50:12",0.857,3,roupenminassian
560,11307349,Undercurrent,"2024-01-08 08:29:55",0.857,6,zhaoyuanyuanzyy
561,11234740,"Lee Jun Hyuk","2024-01-08 13:36:46",0.857,2,leejunhyuk37
562,11459033,"Mohammed Sabry","2024-02-04 20:00:39",0.857,52,"asabry79400,mhmdsab"
563,11228687,sakaku,"2024-02-04 17:04:13",0.856,40,liushuzhi
564,11392259,"Artem Zapara","2024-02-01 21:31:33",0.856,5,artemzapara
565,11558129,haodongchi,"2024-02-05 05:19:52",0.856,30,haodongchi
566,11211818,kiinngdom7,"2024-02-04 22:19:37",0.856,176,kiinngdom7
567,11548301,UUUSSS,"2024-02-04 19:58:03",0.856,36,uuusss
568,11334706,"Jeffrey Lihkust","2024-01-14 08:49:12",0.856,41,jeffreylihkust
569,11276690,123,"2024-02-04 23:31:54",0.856,40,xaoyang
570,11207479,IKD,"2024-02-04 12:40:52",0.856,211,makotoikeda
571,11447573,anonamename,"2024-02-03 19:27:47",0.855,85,anonamename
572,11561746,pgpengpengzhenshabi,"2024-02-04 14:08:09",0.855,17,pgpengpengzhenshabi
573,11422605,"Nguyễn Văn Thị Trà","2024-01-07 23:48:41",0.855,18,nguynvnthtr
574,11288435,Reacher,"2024-01-21 08:19:54",0.855,94,ihebch
575,11252113,Pk,"2024-02-05 04:42:25",0.854,65,kirtirajsinhparmar
576,11252157,dingzhen111,"2024-01-16 02:36:31",0.854,12,dingzhen111
577,11334815,"Qiuxing Beiye","2024-01-14 14:14:40",0.854,34,qiuxingbeiye
578,11346770,"kidney stoners","2024-02-04 23:51:21",0.854,103,"sirapoabchaikunsaeng,viktorcikojevic"
579,11561789,gaolulvlv,"2024-02-05 05:36:38",0.854,25,gaolulvlv
580,11220656,"Jun Liu","2024-02-03 09:14:50",0.853,93,chrisluu
581,11538188,ytzhang02,"2024-01-26 02:42:04",0.853,20,ytzhang02
582,11218833,Optimo,"2024-02-04 15:01:22",0.852,93,optimo
583,11214111,"Jean Luc Vanlite","2024-01-04 16:04:10",0.852,12,jeanlucvanlite
584,11348281,CV_conda,"2024-02-04 16:35:31",0.852,6,"cvconda,kagglerllm,nlpslm,ultracver,zlaber"
585,11207763,"Johnny Lee","2024-02-02 23:58:33",0.851,51,wuliaokaola
586,11400496,ZavodRobotov,"2024-01-05 15:27:06",0.851,11,zavodrobotov
587,11219862,"Eugene Khvedchenya","2024-02-04 23:24:25",0.850,84,bloodaxe
588,11257577,Dawn_gamma,"2024-02-04 15:39:55",0.850,21,dawngamma
589,11355629,takuya,"2024-02-04 23:59:11",0.850,116,takuyashintate
590,11292175,A.P.,"2024-02-05 00:08:01",0.850,120,programmaticart
591,11508861,smalltrain,"2024-01-29 08:35:23",0.849,26,smalltrain
592,11444580,nyveq840,"2024-01-03 11:31:40",0.849,1,nyveq840
593,11444383,jisoo_kim_jisoo,"2024-02-04 18:32:58",0.849,46,"jisookimjisoo,ydqydq"
594,11452391,Robert-zwr,"2024-01-25 11:50:25",0.848,9,robertzwr
595,11463433,JamsilKaggle,"2024-01-02 14:21:07",0.848,1,jamsilkaggle
596,11466832,kjqzv762,"2024-01-03 10:41:21",0.848,1,kjqzv762
597,11265862,"Kevin Genereux","2024-01-04 00:12:05",0.848,17,azyssd1
598,11214247,"Zachary Scheben","2024-01-03 09:53:07",0.848,9,zacharyscheben
599,11456186,MustafaA,"2024-02-05 00:00:02",0.848,79,mustafaa
600,11446528,"Zuoyu Miao","2023-12-31 01:00:32",0.847,1,zymiao
601,11456349,"Chris Durbin","2023-12-31 02:51:28",0.847,1,chrisatumd
602,11456603,Billtao19,"2023-12-31 06:05:23",0.847,1,billtao19
603,11252322,"3rd Company 3rd Platoon Leader","2023-12-31 06:41:45",0.847,29,ahnheeyoung1
604,11367756,"[Deleted] 6fbad476-f9ca-4fbc-8461-9e50b6254b1c","2024-01-08 06:24:11",0.847,10,del=ba86107dff65ff00
605,11326005,Dozi,"2023-12-31 09:36:01",0.847,17,dozi18
606,11333110,"Gowri Shankar Penugonda","2024-02-04 19:28:17",0.847,78,gowrishankarp
607,11450923,secondcaiji,"2023-12-31 01:21:56",0.847,7,secondcaiji
608,11231262,sn,"2024-02-04 21:37:51",0.847,142,ivanbagmut
609,11562322,bossam,"2024-01-28 10:40:13",0.847,3,bossam
610,11562018,tldls1031,"2024-01-28 10:12:21",0.847,8,tldls1031
611,11350133,"i like pancakes","2024-01-22 12:38:55",0.846,51,brtvandenbroeck
612,11559637,ShowMakerGG,"2024-02-04 05:12:05",0.846,15,showmakergg
613,11442465,"Nabeel Ahmed FastNU","2024-01-03 18:18:15",0.846,15,nabeelahmedfastnu
614,11233642,MyungwooNam,"2024-01-28 15:23:18",0.846,8,nmw022121
615,11425200,"Sushanth Malipati","2024-01-04 03:35:27",0.845,5,sushi426
616,11220218,"Kemal Kılıçaslan","2024-01-17 15:24:30",0.845,14,kemalkilicaslan06
617,11502926,X7Shadow,"2024-01-12 12:11:34",0.845,1,x7shadow
618,11441826,Miko,"2024-02-04 18:32:48",0.845,12,mik2222
619,11285473,康陶KangTao,"2024-01-31 15:11:47",0.845,14,"anubisyy,frankzge,hongori,nisshokuitsuki,teiooo"
620,11221796,IC2,"2024-02-05 04:10:30",0.845,17,jonathanchan
621,11355993,"🐢 Jun Koda","2024-02-04 02:07:58",0.844,60,junkoda
622,11440644,witcher,"2023-12-30 15:23:40",0.844,1,vandittyagi0909
623,11455523,"Md Nazrul Islam","2023-12-30 16:52:56",0.844,1,mdnazrulislamabir
624,11279879,"Irina Mishneva","2024-01-31 07:05:59",0.844,16,irinamishneva
625,11445051,"Brian Williams MA","2024-01-05 22:38:15",0.843,13,brianwilliamsma
626,11212216,"Victor Shlepov","2024-01-22 14:12:27",0.842,98,victorshlepov
627,11226648,"Try Anyway","2024-02-04 11:38:43",0.841,221,akiyoshifukaya
628,11211936,"Francois Lemarchand","2024-01-03 15:53:26",0.840,10,frlemarchand
629,11560455,incllude,"2024-02-04 17:15:19",0.840,7,intdivrot
630,11368057,rimuru,"2024-01-06 18:28:46",0.839,48,martynoveduard
631,11217127,"Farukcan Sağlam","2024-01-24 14:26:35",0.839,59,greysky
632,11298471,"Tobias Bruch","2024-02-03 21:23:16",0.839,75,tobiasbruch
633,11282312,FatLiuyun,"2024-01-24 03:01:08",0.839,54,fatliuyun
634,11377876,MHA,"2024-02-04 12:21:01",0.839,45,mhahmad
635,11308060,"🦟 Break ,I Beyond 🥳","2024-01-20 07:24:08",0.838,93,yoyobar
636,11255862,binga,"2024-01-02 18:59:55",0.837,38,phanisrikanth
637,11384395,"Jinho Park","2024-01-18 10:58:16",0.837,37,jinho8345
638,11539371,"Space Blue Ice","2024-02-04 13:41:33",0.837,3,"enthusiasticzwf,spaceblueice"
639,11212868,samshipengs,"2024-02-05 05:08:35",0.836,48,samshipengs
640,11217106,vv,"2024-01-28 07:35:59",0.836,34,wadakoki
641,11229814,Shin7jp,"2024-02-05 03:38:32",0.836,41,shin7jp
642,11322759,"Vitaliy Dushepa","2024-02-04 21:58:23",0.835,22,dushepa
643,11334944,"Emma Wilson Ev","2024-01-05 22:31:28",0.835,17,emmawilsonev
644,11221524,YumeNeko,"2024-02-04 17:22:34",0.835,171,kashiwaba
645,11220797,HungryLearner,"2024-01-18 09:16:15",0.835,59,alabibojesomo
646,11517873,"Ali #2","2024-01-16 17:00:05",0.834,1,asalhi
647,11530801,"[Deleted] 55dba06c-5ffa-42af-9487-76fc758e853d","2024-01-23 09:10:43",0.833,4,del=a06344af3f71d204
648,11555389,"Peter KK","2024-02-04 18:38:08",0.833,29,peterty
649,11456305,lemon,"2024-01-06 21:57:40",0.831,3,mtakanobu
650,11480211,YuanXu,"2024-02-05 01:21:27",0.830,12,xuyuan
651,11439346,"Madris Miller","2024-01-05 22:49:59",0.829,18,madrismiller
652,11212246,"Yet to decide on the team name","2024-01-21 23:59:06",0.827,95,"harshitsheoran,nischaydnk"
653,11207392,tereka,"2024-01-18 13:47:14",0.827,93,tereka
654,11443992,LLLEEEOOOH,"2024-02-04 23:02:23",0.827,31,llleeeoooh
655,11441634,"Jinyoung kim","2024-01-05 15:28:35",0.826,10,ajk2000000
656,11372161,5000Net,"2024-02-04 21:13:07",0.825,14,"ren4yu,tattaka"
657,11291227,"Theo Viel","2024-01-31 20:30:13",0.825,29,theoviel
658,11433121,Noble-5,"2024-01-11 10:32:24",0.824,10,"chengzenguoe,jiachen2023,shureeeen,sihanshen07,umaiika"
659,11442709,Max,"2024-02-03 22:04:52",0.824,73,mxdbld
660,11278740,TDS,"2024-02-04 04:49:50",0.823,68,"akinorigondo,tmnwatanab,yannuru"
661,11523505,xukkll,"2024-01-24 02:13:39",0.823,2,xukkll
662,11484668,yarkhom,"2024-02-04 19:28:13",0.821,120,yarkhom
663,11571880,Pollyanna,"2024-02-03 03:52:06",0.821,4,happyfoxs
664,11431140,[Zoeg]634🐐🐶🐦,"2024-02-04 11:09:31",0.820,38,"daikon99,yuyagi,zone0906"
665,11212958,lit,"2024-01-24 07:34:19",0.818,106,"clemchris,jirkaborovec"
666,11215439,joeyoji,"2024-01-06 15:52:45",0.817,94,joehirose
667,11403753,J_6,"2024-01-06 11:47:14",0.817,4,mdjawad006
668,11413848,"Lisp Prolog","2024-01-14 18:42:50",0.816,17,lispprolog
669,11258403,"Chiari Ray","2024-01-21 01:57:41",0.816,63,chiariray
670,11454144,haru22,"2024-02-04 01:02:09",0.816,47,haru22
671,11219687,J&S,"2024-02-03 08:57:46",0.816,40,"janmpia,shashwatraman"
672,11360923,chumajin,"2024-02-03 14:45:59",0.815,16,chumajin
673,11215956,"test 3d","2024-02-04 07:50:20",0.815,17,lsl000ud
674,11315218,Tamo,"2024-01-11 20:14:01",0.815,36,yuyuki11235
675,11493224,Rheinmetall,"2024-02-05 07:49:43",0.815,18,rheinmetall
676,11207801,lingyundev,"2024-01-05 09:12:32",0.814,14,lingyundev
677,11505062,TmT,"2024-02-04 23:32:10",0.814,35,tamotamo
678,11371069,ns64,"2024-02-04 23:56:32",0.814,66,ns6464
679,11437954,"Ngorongoro Vessel Voyagers","2024-02-05 05:48:50",0.813,61,"prgckwb,raytency"
680,11350364,Zinxira,"2024-02-04 23:28:16",0.813,18,zinxira
681,11374032,"Benjamin Idini","2024-01-14 06:05:09",0.812,36,benjaminidini
682,11224331,"Rob Wishart","2024-01-08 21:01:03",0.812,13,robwishart
683,11422737,"Andrada QM","2024-01-05 20:21:05",0.812,1,andradaquillasmaran
684,11437483,PatrickS,"2024-02-04 19:06:13",0.812,14,patricks03
685,11387008,"Nobelium November","2024-02-05 05:57:26",0.812,52,cemuzzamil
686,11545362,beeldwetenschappen,"2024-02-03 16:49:47",0.811,23,"eliseevvyacheslav,yannovikov"
687,11467597,SoManyPixels,"2024-02-05 03:16:37",0.810,93,chemdatafarmer
688,11472858,velangovan,"2024-02-05 00:03:15",0.810,74,velangovan
689,11316218,GIL,"2024-02-04 22:23:34",0.809,64,gilpinsky
690,11478349,soxy,"2024-02-02 09:24:39",0.809,40,iwmmdct23
691,11254356,"Yksin Young","2024-02-05 02:24:22",0.808,137,yksinyoung
692,11385831,GUNER,"2024-02-05 05:23:13",0.808,69,abdulkadirguner
693,11491872,"Alex Zverkov","2024-01-12 22:32:16",0.807,3,alexanderzv
694,11474231,"Lucy Lu","2024-01-12 23:19:51",0.807,1,lucyellu
695,11505790,Emery2024,"2024-01-13 11:06:13",0.807,2,emery2024
696,11493993,newgate,"2024-01-13 09:53:43",0.807,1,lhlk83358
697,11461171,TetWatana,"2024-01-13 14:42:38",0.807,14,tetwatanabe
698,11302168,ctaki,"2024-01-13 16:25:12",0.807,1,chiaki11
699,11508272,substring,"2024-01-14 13:43:06",0.807,2,substring
700,11479659,ideal,"2024-01-14 17:20:06",0.807,2,ideal9
701,11240713,kazumax,"2024-02-04 23:56:03",0.807,49,"kazumax0720,yujiikeda"
702,11494370,pnsd,"2024-01-31 10:42:48",0.806,25,pnevsergey
703,11251436,ToMo,"2024-01-23 06:23:17",0.805,76,tomohiroh
704,11474526,kmkm20,"2024-01-09 08:39:05",0.804,1,kmkm20
705,11295443,Elahi,"2024-02-05 04:38:07",0.803,59,mmelahi
706,11259855,TakayukiHiguchi,"2024-02-05 06:41:17",0.803,65,takayukihiguchi
707,11519494,"Fulcrum Beast","2024-02-05 09:11:32",0.803,4,fulcrumbeast
708,11501530,yugichanggg,"2024-01-12 11:38:29",0.801,3,yugichanggg
709,11423151,ssnsos,"2024-02-05 08:20:46",0.800,32,stg44g3g36hk416hk417
710,11219267,JungchulKoo,"2024-02-03 16:07:22",0.800,123,jungchulkoo
711,11236752,"Jebastin Nadar","2024-01-17 16:01:31",0.798,18,samfc10
712,11205901,KSMCG90,"2024-01-05 11:06:21",0.797,1,ksmcg90
713,11475652,"Anidipta Pal","2024-01-07 16:15:45",0.797,2,anidiptapal
714,11339405,"nima iji","2024-01-29 01:36:52",0.797,27,nimaiji
715,11477456,30直紀,"2024-01-06 04:38:58",0.797,1,ciscon
716,11472663,"Serhii Kharchuk","2024-01-06 09:48:41",0.797,1,serhiikharchuk
717,11388397,"SEOUL 1988","2024-02-02 15:40:27",0.797,21,seoul1988
718,11239995,sheep,"2024-01-20 08:10:52",0.797,3,steamedsheep
719,11470761,nami,"2024-01-11 17:22:14",0.795,2,naoyamiyazaki
720,11462470,MichellenKaiserh,"2024-01-02 10:02:42",0.795,1,michellenkaiserh
721,11474136,"Kyo KK","2024-01-05 12:55:05",0.795,1,kyofgkk
722,11375990,kmatsu01,"2024-01-08 05:49:59",0.795,5,kmatsu01
723,11477346,TonyHa,"2024-01-20 03:37:52",0.795,10,juhha1
724,11503601,MarkmBennet,"2024-01-12 15:58:39",0.795,1,markmbennet
725,11295377,ZeyuLiukill,"2024-01-13 18:28:44",0.795,2,"lllzhe,siyufeng,yvanzhang,zeyuliukill"
726,11519559,"Lucas Oceanbreeze","2024-01-20 07:15:02",0.795,10,lucasoceanbreeze
727,11344583,"Noah Bittermann","2024-01-14 09:46:24",0.795,53,noahbittermann
728,11224751,"khailash santhakumar","2024-01-02 16:12:45",0.794,20,khailashsanthakumar
729,11261224,Karthikeyan,"2024-02-04 23:28:29",0.792,116,glitchr
730,11230490,kcetskcaz,"2023-12-05 03:07:05",0.791,73,squidinator
731,11386255,okon2000,"2024-02-04 15:28:57",0.786,48,jankowalski2000
732,11470312,"Sergey Kr","2024-02-04 16:51:04",0.785,5,sergeykr
733,11383932,TBD,"2024-02-04 15:49:47",0.782,87,"wonjunjg,ydjoo12"
734,11246494,"Max Dumbledore","2023-12-10 07:01:23",0.777,22,maxdumbledore
735,11220663,Richard_Liu,"2024-01-15 01:11:48",0.772,32,zxcvbn369z
736,11409448,doubleQ,"2023-12-25 09:32:46",0.769,17,fivebingstar1
737,11434920,"Tommy Karlsson","2024-01-07 15:04:11",0.766,9,tommykarlsson
738,11259573,"Chris Cross","2023-12-04 20:33:58",0.762,50,crailtap
739,11402207,"Unnamed bull","2024-02-01 11:21:05",0.762,9,"daimarusui3,welshonionman"
740,11407188,"Yann Majewski","2024-01-13 04:09:00",0.760,18,yannmajewski
741,11251382,kapenon,"2024-01-25 09:45:25",0.759,7,kapenon
742,11245856,leexing000,"2024-01-14 08:44:32",0.757,58,leexing000
743,11225830,"Quentin SPINAT","2024-01-05 09:48:17",0.756,46,quentinspinat
744,11329753,"one for all","2024-02-01 03:58:02",0.756,53,nuozhou1
745,11479292,yang_zhou,"2024-02-02 14:52:44",0.754,26,xdu4yangzhou
746,11452621,OctaviaOZ,"2023-12-29 18:55:20",0.752,1,oksanazavada
747,11344029,"Bhavesh Jain","2023-12-29 23:14:23",0.752,28,"bhavesjain,gudia3110"
748,11454639,soonandsoon,"2023-12-30 10:33:15",0.752,1,soonandsoon
749,11252538,"[Deleted] acde5efd-fd64-4d24-9bc5-cd1a78124815","2023-12-11 13:59:10",0.752,18,del=a1e8a98dd0d6232a
750,11222787,vkp,"2024-02-05 05:43:25",0.752,47,vaibhavpatel11
751,11277040,"Samrat Thapa","2023-12-30 05:33:41",0.750,8,samratthapa
752,11295011,lshe,"2023-12-21 09:38:37",0.748,75,"loggingguun,longfeishe"
753,11561408,jackal_024,"2024-01-28 04:02:28",0.746,4,jackal024
754,11427870,"Holling Png","2024-01-19 02:29:58",0.745,13,hollingpng
755,11411477,L,"2024-02-04 22:46:03",0.744,77,"louaybennessir,nourbouajina"
756,11371955,BUPT515,"2023-12-14 12:56:46",0.741,2,"cuiyunhe,liouyifan,yukunnzhang"
757,11306064,Quan,"2024-01-01 03:48:02",0.737,8,"namsiunhon,nghiaphamhong,quandapro"
758,11280729,"Đàm Văn Tài","2024-02-04 04:05:49",0.733,1,damvantai
759,11207423,"David Roberts","2024-01-13 14:29:20",0.732,53,davidbroberts
760,11394266,Zachh8,"2024-01-22 04:57:07",0.728,11,"thomashuemann,zachh8"
761,11450677,"Diógenes Silva","2023-12-29 03:38:25",0.728,1,digenessilva
762,11451694,raoxl654,"2023-12-29 10:06:52",0.728,1,raoxinlong
763,11519160,"Whisper Neon","2024-01-18 12:06:37",0.728,9,whisperneon
764,11519371,richald,"2024-01-18 11:46:23",0.728,9,richald
765,11471120,Akima,"2024-02-04 19:33:56",0.725,43,tanakatentyo
766,11363872,"dsh -;","2024-01-18 12:44:29",0.725,22,dshdsh
767,11492296,"Reuben Schmidt","2024-01-16 04:52:41",0.722,3,reubenschmidt
768,11450941,"Joey Liang","2024-01-17 04:58:59",0.713,6,liangyz2019
769,11382291,"Kian Siang","2024-01-31 23:10:29",0.710,18,kian9siang
770,11413535,"Hide on bush","2024-01-05 15:21:35",0.710,55,shangweichen
771,11431537,"In Kyu Lee","2024-01-31 00:57:57",0.706,6,inqlee0704
772,11355968,brandhout,"2024-02-01 09:28:17",0.706,23,"baskef,stephannijssen2,thomasbastiaansen,victorvanacht,wvddungen"
773,11430439,mattthebat,"2024-02-04 17:16:43",0.706,10,mattthebat
774,11515316,森田凌平,"2024-01-23 07:05:01",0.704,2,mrmmm0128
775,11401282,"Yu Wu","2023-12-29 02:35:02",0.703,2,nightsh4de
776,11334781,Piotr1711,"2024-01-12 21:23:35",0.701,15,piotrzamisnii
777,11228318,"Chris Winsor","2024-01-25 05:28:14",0.701,35,cwinsor
778,11470099,Tanrei(nama),"2024-02-04 05:39:12",0.700,57,tanreinama
779,11472822,mcwema,"2024-01-30 02:50:19",0.700,60,mcwema
780,11521196,SJTU_ACEM,"2024-01-21 11:55:41",0.697,6,"keqingsmywaifu,silentsjtu,xiongevan,yosozura"
781,11549633,DheLiu,"2024-01-24 14:25:34",0.697,1,dheliu
782,11224597,MarvinHBY,"2024-01-16 14:37:08",0.697,4,marvinquesadacampos
783,11509169,hikozuma3281,"2024-01-14 12:47:03",0.697,2,hikozuma3281
784,11509941,danttis,"2024-01-14 17:05:58",0.697,1,danttis
785,11497884,Mr.Frundles,"2024-01-15 13:07:20",0.697,2,watehell
786,11446367,"Evan Cofsky","2024-01-15 21:25:20",0.697,1,evancofsky
787,11386638,"Jagat Kiran","2024-01-16 10:09:47",0.697,1,jagatkiran
788,11232545,"Alek Lacoustete","2024-01-18 21:37:58",0.697,79,aleklacoustete
789,11524917,"Dmytro #2","2024-01-18 06:00:13",0.697,1,dmyma3239
790,11529584,MenghaoZhao,"2024-01-29 19:20:27",0.697,22,menghaozhao
791,11261093,"Vitaly Agapitov","2024-01-21 05:52:51",0.697,5,datomi
792,11541012,"Subramaniya Siva","2024-01-22 04:07:05",0.697,1,subramaniyasiva
793,11216590,"Sawood M","2024-01-29 11:53:46",0.697,7,developsawood
794,11544474,"NAVEEN CHOWDARY MAGULURI","2024-01-22 16:25:09",0.697,1,naveenofficial
795,11540441,Fatebinder,"2024-01-22 17:11:05",0.697,1,shaoqh
796,11241749,niu3321,"2024-01-22 18:54:35",0.697,13,niu3321
797,11545464,"Oleg Shpagin","2024-01-22 20:52:24",0.697,1,olegshpagin
798,11546738,"pranali rahangdale","2024-01-23 05:06:38",0.697,1,pranalirahangdale
799,11250005,"Dmitry Kozlov","2024-01-23 12:42:30",0.697,5,dkozlov
800,11541566,SANEYUKI,"2024-01-23 14:52:13",0.697,1,saneyuki
801,11227755,Sdilshad,"2024-01-27 12:16:35",0.697,11,sdilshad
802,11558298,"Carlos Henrique C. Matos","2024-01-25 10:27:51",0.697,1,carlosmatos97
803,11331382,"Mukharbek Organokov","2024-01-25 12:41:53",0.697,3,muhakabartay
804,11575183,aleksei_vit,"2024-01-29 23:15:27",0.697,1,alekseivit
805,11567366,"yash bhaskar","2024-02-01 22:00:00",0.697,4,yash9439
806,11478299,"Debojit Basak","2024-02-02 14:04:43",0.697,1,debojitbasak02
807,11407281,McM,"2023-12-27 06:02:04",0.696,10,"haozhang7918,mortezamirzai"
808,11262239,nthanol,"2024-02-04 17:13:02",0.692,20,nthanol
809,11376280,Viepryx,"2024-01-07 11:38:00",0.692,20,viperyxuk
810,11463115,storikai,"2024-01-09 05:24:23",0.692,4,storikai
811,11229865,pierreb7722,"2023-12-19 22:26:45",0.688,49,pierreb7722
812,11215076,2019142079,"2023-12-16 07:19:06",0.687,52,jaejinsung
813,11560461,lnclude,"2024-01-30 23:47:32",0.686,1,lnclude
814,11401940,"Lv98 m0ka","2024-01-04 16:48:42",0.686,10,lv98m0ka
815,11315054,YoInoue,"2023-12-30 00:50:53",0.684,4,yoinoue
816,11468686,"Bon Haikyung","2024-01-04 09:19:21",0.683,10,bonhaikyung
817,11526662,baumbaron,"2024-01-25 12:04:04",0.682,20,baumbaron
818,11497854,lansaid,"2024-01-31 08:02:50",0.682,5,vmetenev
819,11209640,"open to work","2024-01-04 08:58:35",0.681,44,"daocongtuyen,sentrankim,tdh512194"
820,11367476,NareshPS,"2024-02-05 04:01:27",0.680,46,naresh
821,11441773,sakaitt,"2024-01-21 17:43:26",0.679,12,"cosinesai,hinako0123,kotayamashita,sakaitt,yakekogetamoyashi"
822,11453866,Drice,"2024-01-07 15:47:24",0.679,2,chen340818
823,11342371,"Mingfeng Li_CPU","2024-01-11 03:14:19",0.675,1,mingfenglicpu
824,11539531,"Chirapathleo Saelim","2024-02-05 04:43:02",0.673,11,chirapathleosaelim
825,11316652,Tahsin,"2024-02-03 03:37:06",0.666,21,reasat
826,11243842,VN1,"2024-01-13 14:07:16",0.663,150,dieptam
827,11466556,pkbxc716,"2024-01-03 09:12:00",0.661,1,pkbxc716
828,11461243,dcfsjl,"2024-01-03 09:59:07",0.661,1,dcfsjl
829,11476037,losingself,"2024-01-05 16:57:39",0.661,2,level14taken
830,11462178,"Youssef M. Fadel","2024-01-06 12:20:50",0.661,1,youssefmohamedahmed
831,11478921,YBIGTA_DS,"2024-01-14 06:52:44",0.660,2,"jkyoon2,namsehyun,pikachuistheworld,seoyunaa,wtlim444"
832,11481530,RodH,"2024-02-03 16:00:02",0.660,5,rdhnw1
833,11557224,"SongU hah","2024-02-03 08:25:14",0.658,1,songuhah
834,11234407,"Martin Chobanyan","2024-02-05 02:07:07",0.654,22,mch123
835,11499005,dalatar,"2024-01-23 16:44:11",0.651,2,dalatar
836,11311647,joejeo1,"2024-02-04 14:59:30",0.650,71,joejeo1
837,11561386,"yz z","2024-02-03 14:35:02",0.647,6,yzz1998
838,11466030,AGEAGE,"2024-01-12 00:53:41",0.646,1,ageage
839,11267405,3L!,"2024-01-27 14:44:10",0.645,26,"lisha99,xixdfniuniu,zenglinlin"
840,11226280,"Ocus pocus","2023-12-07 17:41:55",0.645,98,abdrah
841,11489105,Navstar,"2024-01-31 08:25:19",0.645,8,navstar
842,11469176,Ayers,"2024-01-04 00:42:15",0.644,1,szakri
843,11424880,"Time Master","2024-01-05 02:24:49",0.644,14,rainfalllove
844,11329155,カトタツ,"2024-01-04 06:26:39",0.644,1,eguru0331
845,11218483,"Aleksey Trepetsky","2024-02-04 22:16:40",0.644,7,alekseytrepetsky
846,11471322,"Ryze Young","2024-01-04 13:17:59",0.644,1,ryzeyoung
847,11453020,MarcoWang,"2024-01-04 18:57:17",0.644,2,marconna
848,11364224,"Sayantan Kirtaniya","2024-01-08 05:43:25",0.644,1,sayantankirtaniya
849,11329664,ssong6,"2023-12-29 02:14:03",0.642,16,ssong6
850,11266186,"Igor PI","2024-02-05 08:53:18",0.636,16,pib73nl
851,11538767,"Denis Sechin","2024-01-29 20:34:25",0.636,5,denissechin
852,11396369,"Arav Jain ","2024-01-01 21:10:36",0.635,14,aravjain007
853,11469891,nannankawaii,"2024-01-11 10:28:20",0.633,1,"nannankawaii,xiaoxiaohanpi"
854,11425941,"[Deleted] a839bf52-c807-4474-aec2-ec47f4df5852","2024-01-26 00:54:39",0.631,19,del=776be39ca1f1b455
855,11521766,1234,"2024-01-29 18:24:21",0.630,30,xx98x98
856,11448885,niujha,"2024-01-03 02:58:49",0.630,1,niujha
857,11443390,"Yineng Xiong","2024-01-03 14:59:26",0.630,3,yienngxiong
858,11470786,ryancc1123456,"2024-01-04 10:58:51",0.630,1,ryancc1123456
859,11427868,ouyimin19,"2024-01-07 16:22:25",0.630,1,ouyimin19
860,11446756,kura19,"2024-01-07 23:27:43",0.630,3,kura19
861,11471048,"ziqi wang","2024-01-09 04:47:22",0.630,2,baigujing
862,11329476,hhz,"2024-01-12 10:00:18",0.630,2,huanghuangzhang
863,11221235,athrun.zala,"2024-01-31 04:00:39",0.630,20,athrunzala
864,11561121,mengda,"2024-01-27 09:19:33",0.630,2,mengda
865,11312855,"Yuki Sonoda","2024-02-02 09:47:35",0.630,3,yuksoniidx
866,11407826,zUni8789798,"2024-01-06 18:56:06",0.630,40,"coffee6170,gunooshin,leolee1358,toddsimon1223,zuni8789798"
867,11388629,"David Mora","2023-12-27 15:57:08",0.630,2,davidfmora
868,11307185,le,"2023-12-01 07:28:50",0.629,4,xiechong1
869,11258907,"Ivan Egorov","2023-12-12 19:32:45",0.628,16,egorovlvan
870,11303316,"Peter CXL","2024-01-01 12:43:05",0.626,1,a6893676
871,11462237,"Jonas Gjerris","2024-01-15 14:24:41",0.624,45,jonasgjerris
872,11397026,"Vladislav R.","2024-01-21 09:42:51",0.624,9,vladrrv
873,11227241,Xue.ran,"2023-12-13 06:20:22",0.623,29,lxr1204
874,11316456,"Preston Jensen","2024-01-08 22:05:57",0.621,1,prestoj
875,11252884,"Junseo Park ","2024-01-18 07:52:29",0.618,1,junseoparker
876,11327905,WonJunHyeok,"2023-12-28 00:59:17",0.618,11,wonjunhyeok
877,11232224,ShakeShake,"2023-11-30 13:15:31",0.617,24,anthonymarcz
878,11241688,"Bui Tung","2023-11-28 13:42:09",0.608,42,tungbt62hust
879,11282079,Roc,"2023-12-07 09:47:12",0.608,3,yingpengchen
880,11213502,FMGSF12,"2024-01-18 09:51:39",0.606,27,fmgsf12
881,11490127,cc0212,"2024-01-18 19:14:13",0.597,1,chezengyang0212
882,11397693,Bo,"2024-02-05 00:28:10",0.590,11,"boliu0,haqishen"
883,11222009,2020147520,"2023-12-16 06:29:20",0.590,4,playwellms
884,11513212,"Svyatoslav Sokolov","2024-02-05 04:48:37",0.589,16,svyatoslavsokolov
885,11388838,2020147554,"2023-12-17 10:16:50",0.583,10,freshandclean
886,11470572,JerkeyTengu,"2024-02-01 08:59:46",0.581,7,jerkeytengu
887,11477864,BIBIDIBABIDIVU,"2024-01-14 15:06:20",0.580,2,bibidibabidivu
888,11247615,ArXiv,"2023-12-14 07:17:55",0.579,14,ultramax
889,11271804,Nghiattk27,"2024-01-12 05:18:37",0.576,29,nghiattk27
890,11336506,TryToBeBetter,"2023-12-10 11:30:21",0.576,7,trytobebetter
891,11467227,chanwoog,"2024-02-05 07:46:30",0.575,9,chanwoog
892,11277009,watarungurunnn,"2023-12-15 13:11:03",0.572,10,watarungurunnn
893,11393048,EndSieg,"2023-12-14 03:23:01",0.572,1,lehnschwarz
894,11393174,Tan054,"2023-12-14 05:10:51",0.572,2,tanishphopalkar
895,11372971,"Jose Rubio","2023-12-23 12:04:19",0.572,15,josealexanderrubio
896,11333015,"Vince Fan","2023-12-15 04:48:27",0.572,3,fanhuaiyuan
897,11384992,LovelyML,"2023-12-16 09:30:26",0.572,1,mlsputnik
898,11401098,dp12,"2023-12-16 19:34:31",0.572,2,dhruvp12
899,11219776,"simpler, faster, stronger","2023-12-25 11:50:35",0.572,6,bakidamar1
900,11379355,Prthmgoyl,"2023-12-17 08:36:02",0.572,2,prthmgoyl
901,11405822,Oralia,"2024-01-14 00:49:43",0.572,2,oralia
902,11378791,napam689,"2023-12-17 20:22:49",0.572,4,napam689
903,11410551,MatsuYuu,"2023-12-18 13:46:12",0.572,1,yunosukematsuda
904,11370711,YuriMIyamori,"2024-01-14 12:48:03",0.572,15,yurimiyamori
905,11325775,soul,"2023-12-19 01:55:48",0.572,1,soul80
906,11414425,"Well Wong","2023-12-19 10:03:43",0.572,1,tongmua
907,11418044,"yeaeun kim","2023-12-28 13:01:57",0.572,2,yeaeunkim
908,11411013,"Koizumi Yuki","2023-12-20 11:06:43",0.572,1,koizumiyuki
909,11415292,zhteam,"2023-12-21 08:05:19",0.572,4,huhuajin1
910,11252899,tim,"2023-12-21 20:32:53",0.572,4,timurshininov
911,11282055,Qpuchen,"2023-12-23 12:32:58",0.572,4,qpuchen
912,11417121,"Oleg Push","2023-12-23 20:41:08",0.572,5,olegpush
913,11384318,"Liu Kuan5625","2024-02-01 08:28:40",0.572,21,liukuan1234
914,11440439,greatfoxwithfire,"2023-12-26 06:59:00",0.572,1,greatfoxwithfire
915,11422948,"Olga Ivanova","2023-12-26 20:54:41",0.572,1,olgaiv39
916,11445492,Actinolite,"2023-12-27 14:08:22",0.572,1,actinolite
917,11445676,vkqfo769,"2023-12-27 14:38:51",0.572,1,vkqfo769
918,11445740,rzptq179,"2023-12-27 14:59:24",0.572,1,rzptq179
919,11445925,bkrjj479,"2023-12-27 15:51:32",0.572,1,bkrjj479
920,11556244," Zhongjie Wang","2024-02-03 22:58:46",0.570,1,zzjj121144
921,11470936,"Sourabh Kumar Prajapati","2024-01-23 15:14:49",0.569,4,friendsgyan
922,11214924,2018142125,"2023-12-19 11:40:05",0.568,11,dammab
923,11271469,Finlay,"2023-12-15 21:37:44",0.568,2,finlay
924,11371236,HyperCactus,"2024-01-24 08:27:25",0.566,23,hypercactus
925,11317947,Aashish,"2024-01-19 04:32:43",0.559,15,aashishkota
926,11211878,YYama,"2023-12-19 06:06:49",0.542,33,yosukeyama
927,11245060,"LangZhe Lu","2023-12-09 04:21:18",0.519,36,"deanphamnguyen,langzhelu"
928,11510523,"Marco Passa Pro","2024-01-28 07:08:28",0.511,9,marcopassapro
929,11469508,devchopin,"2024-01-16 00:30:53",0.503,34,devchopin
930,11257652,TDKM,"2023-12-13 02:42:10",0.503,49,kazumakagg
931,11275278,"Bhaskar Dey","2024-02-02 20:25:15",0.498,62,bhaskardey09
932,11210343,huunnii,"2023-12-16 07:17:48",0.497,50,huunnii
933,11404102,"Michele Toni","2024-02-05 00:40:07",0.493,35,slipknottn
934,11358643,shadiend,"2023-12-18 18:54:15",0.491,13,shadiend
935,11570501,MarcoPassa123,"2024-01-29 01:15:22",0.472,5,marcopassa123
936,11209038,"Fabian Henning","2024-01-14 17:30:24",0.465,10,crustacean
937,11307223,rintaro121,"2023-12-16 18:05:14",0.460,36,rin121
938,11483497,"Alejandro Lento","2024-01-24 22:36:06",0.458,25,aaalexlit
939,11251087,"Jacob Rooney","2023-11-28 06:43:11",0.456,6,jacobrooney
940,11488254,Awsaf,"2024-01-24 04:01:47",0.454,7,awsaf49
941,11372611,"said koussi","2024-01-26 04:08:16",0.454,1,saidkoussi
942,11305369,"Priyanshu Sharma","2024-01-28 14:23:15",0.454,2,priyanshujiiii
943,11547228,"Harsh Goyal","2024-02-01 18:26:24",0.454,10,iharshmgoyal
944,11387800,yixuanzheng102,"2024-02-05 05:19:26",0.454,9,yixuanzheng102
945,11563348,GARFIELD,"2024-02-04 21:58:57",0.454,2,garfield2021
946,11267589,ryonee,"2024-02-03 08:19:08",0.454,2,ryonee
947,11337081,DoctorFamiliar,"2024-01-06 04:17:09",0.445,18,doctorfamiliar
948,11476591,"Hussam Knaany","2024-01-14 17:08:27",0.434,21,"hussamknaany,mohamddrawshe"
949,11327601,n00b,"2023-12-10 10:26:26",0.432,1,sebastiangerly
950,11212045,li_ne_nkai,"2023-12-16 08:48:01",0.432,11,linenkai
951,11223114,Yoluna,"2023-11-26 01:27:04",0.419,10,basroelenga
952,11566145,"Belal Emad","2024-02-04 22:38:26",0.411,12,belalemadhussein
953,11325717,perisic,"2023-12-10 09:59:19",0.406,2,perisic
954,11355859,"Darshan Makwana","2023-12-10 11:07:52",0.406,4,ellipticaloranges
955,11424101,yzybang,"2024-01-25 04:20:15",0.399,2,yzybang
956,11456425,QuangTran1608,"2024-01-09 17:14:26",0.398,12,quangtran1608
957,11547959,Sciencehorizen,"2024-02-05 05:41:17",0.389,26,sciencehorizen
958,11487028,"Stanislav Baratov","2024-02-04 15:12:22",0.389,15,stanislavbaratov
959,11333457,"Hazman Naim","2024-01-14 03:14:12",0.384,24,hazmannaim
960,11559026,drzeus,"2024-02-05 02:41:03",0.383,10,djvivekj
961,11242007,"KARIM FAIQ","2024-01-28 21:25:43",0.377,4,karimfaiq
962,11274163,"Wilbert Tan","2023-12-01 23:56:03",0.369,24,wilbertbhtan
963,11260521,hp,"2023-11-24 05:54:51",0.360,10,btunghp
964,11433457,"Sergei Fironov","2023-12-24 05:55:54",0.345,3,sergeifironov
965,11566633,vivek,"2024-02-03 13:13:18",0.326,5,datakite
966,11387660,"jon wick","2023-12-27 11:12:13",0.320,1,mirakle12
967,11207209,"Seydi faye","2023-12-24 13:39:36",0.315,22,seydifaye
968,11461159,"Jan Kolic","2024-01-24 01:29:55",0.298,12,jankolic
969,11249644,"Peter Warren","2023-11-27 03:41:06",0.291,27,peterwarren
970,11269875,"Amirhossein Hassankhani","2023-12-05 00:06:13",0.287,28,amirhosseinhk
971,11231589,"Simeet Nayan","2023-11-19 05:44:38",0.287,18,simeetnayan
972,11324886,"Camilla Horne","2024-01-26 09:38:20",0.268,35,camillahorne
973,11225778,JamMys,"2023-12-14 19:15:11",0.263,32,"abhisheksambyal,poojithurao"
974,11316729,"George Tang27","2024-01-28 17:37:41",0.238,25,"awxlong,georgetang27"
975,11299058,xbit,"2023-12-31 12:26:23",0.237,26,jiangjixiang
976,11260322,imngooh,"2023-12-26 15:15:48",0.234,43,imngooh
977,11222013,"Aysha Asif","2024-01-27 14:54:37",0.234,47,ayshaasif
978,11308773,"famert ","2023-12-18 19:10:46",0.233,59,famert
979,11249900,"[Deleted] c2bf02e2-e11d-4be1-a51e-3f7770d6b9a0","2023-11-15 17:41:28",0.231,1,del=a848d49f4a8615fa
980,11279147,"AMAN P7952","2024-01-19 12:42:12",0.224,40,amanp7952
981,11530155,ChenYilun,"2024-02-05 07:36:41",0.214,12,chenyilun
982,11421415,"Muhammad Mustehson2","2024-01-06 19:12:15",0.213,1,muhammadmustehson2
983,11319693,"Michał Bigaj","2023-12-21 15:19:35",0.205,11,michalbigaj
984,11259118,simpleton,"2023-11-27 10:29:30",0.196,19,aleks123
985,11338792,"The Nam","2024-01-17 16:33:10",0.196,5,namgalielei
986,11268101,"Mirena Angelova","2024-01-16 11:49:51",0.195,13,mirenaborisova
987,11374147,"Hao Chen","2023-12-11 08:23:11",0.193,1,calvchen
988,11317587,"Neil Hazra","2024-01-19 04:32:40",0.188,18,neilhazra
989,11504859,"Arm Harris","2024-01-16 13:23:56",0.177,1,armharris
990,11453504,mozmos,"2024-01-02 06:38:40",0.174,4,mozmos
991,11432682,WenSenSu30,"2024-01-01 05:13:10",0.167,17,wensensu30
992,11551862,ningsean,"2024-02-05 03:44:46",0.167,14,ningsean
993,11208852,kento,"2023-11-28 14:12:46",0.159,6,kento1229
994,11259103,"Chris Pratten","2023-11-27 16:48:50",0.148,4,chrispratten
995,11376081,"Aleksandr Korotaevskiy","2024-01-08 15:46:00",0.148,14,korotas
996,11238276,"Pritam Sinha","2024-02-04 07:54:23",0.147,9,pritamsinha23
997,11235781,"[Deleted] a44c52d4-94ea-4c55-9699-04c7e215ba40","2023-11-13 09:37:31",0.147,1,del=d8a83bcc2bafa4dc
998,11210063,"SM Nuruzzaman Nobel","2023-11-13 15:33:08",0.147,1,smnuruzzaman
999,11237997,digiliwigili,"2023-11-13 17:44:21",0.147,1,kukchyievervin
1000,11213985,"William Green","2023-11-13 18:57:25",0.147,1,dskswu
1001,11207789,"Miltiades general","2023-11-21 04:15:15",0.147,16,"miltiadesgeneral,mrsplashman"
1002,11240894,"Meena M","2023-11-14 06:48:31",0.147,1,shir0mani
1003,11235771,桂林电子科技大学,"2023-11-17 14:30:16",0.147,8,sakuraguil
1004,11242192,cyberia,"2023-11-14 10:25:46",0.147,1,cyberia
1005,11240301,"Colt Gainey","2023-11-14 15:16:36",0.147,4,coltgainey
1006,11357009,powercable,"2023-12-07 11:50:37",0.132,5,powercable
1007,11566846,"Derrick THH","2024-02-04 05:22:24",0.131,2,derrickthh
1008,11415996,CYrielleD,"2024-02-05 07:15:42",0.131,18,cyrielled
1009,11442101,Asphodel19150,"2024-02-04 23:54:15",0.130,24,asphodel19150
1010,11215043,"Eternal Sun","2024-01-15 09:33:27",0.126,17,researchbntz
1011,11235101,YUCLIN,"2023-11-22 02:37:29",0.125,15,yuclin
1012,11475037,"Kazuaki Tanida","2024-01-11 19:48:29",0.122,10,tanitter
1013,11400475,ancqqq,"2024-02-02 18:20:52",0.117,3,themenimenthe
1014,11257087,doopsie,"2023-12-10 21:11:41",0.109,24,dhinkris
1015,11424177,kongkongpatpat,"2024-02-05 04:11:31",0.109,11,"bananyang,datasjyang,hugh01274714,seongjinim"
1016,11227281,SuperNet,"2024-01-04 15:19:28",0.107,17,"ronggui,rongguiwu,yongxianglyu,zhangyuqitju"
1017,11226386,"Good Vampires","2023-12-26 08:08:52",0.095,15,"anjana2123,lohithkandukuri,shriharipriya,subinsm7,suhasinichunduri03"
1018,11234382,IraQbot,"2023-12-15 10:15:00",0.093,9,"iraqbot,theophilebaggio"
1019,11250126,"Joachim COLLIN","2024-01-29 14:56:33",0.093,14,joachimcollin
1020,11428220,ShonanTF_alumni,"2024-01-08 05:00:31",0.092,6,"kenrel,kumazawakaito,shunsukekikuchi"
1021,11209975,"Saif daoud","2023-12-05 14:54:15",0.092,12,saifdaoud2
1022,11368788,"Chaoqi Dong","2023-12-17 08:36:41",0.089,3,chaoqidong
1023,11224371,pangyuteng,"2023-12-26 23:47:22",0.074,32,pangyuteng
1024,11335106,"David J. Slate","2024-01-28 22:43:02",0.063,52,dslate
1025,11281074,NickelVCopper,"2024-01-27 18:52:49",0.057,30,nickelvcopper
1026,11237954,al1337,"2023-11-13 18:24:59",0.048,1,al1337
1027,11511659,"Naman Jaswani","2024-01-28 10:55:46",0.044,7,namanj27
1028,11233892,ryo,"2024-01-18 02:55:08",0.043,33,ojimaryoji
1029,11487688,"Dee Parker","2024-02-04 15:13:01",0.025,3,deeparker
1030,11523837,"Anonymous User239","2024-02-03 20:40:35",0.024,5,anonymoususer239
1031,11227714,TCherry,"2024-01-18 14:50:38",0.017,6,changedward
1032,11488424,soulkwon,"2024-01-16 19:14:57",0.012,3,soulkwon
1033,11284735,"Boris Polishchuk","2024-02-04 21:35:07",0.009,39,polishch
1034,11227153,"Viktor Rudometkin","2023-11-28 19:23:46",0.009,6,viktor2017
1035,11224942,AiEson,"2023-11-14 16:21:38",0.008,3,aieson
1036,11361954,wiz,"2023-12-23 19:31:06",0.006,20,vitaliytserenov
1037,11577500,TriNet,"2024-02-04 14:57:19",0.005,5,"alexanderpavin,konstantinshilin"
1038,11239633,"Thom Wilkinson","2024-01-10 04:12:30",0.004,11,thomwilkinson
1039,11516416,jtakahashi64,"2024-02-05 10:20:41",0.004,15,jtakahashi64
1040,11487583,MirrorEgg,"2024-01-27 19:03:20",0.003,18,mirroregg
1041,11467456,Thomyy,"2024-01-23 17:54:02",0.003,5,thomyy
1042,11471087,"Pavel Nevyhosteny","2024-01-14 06:27:11",0.003,11,nevyhostenypa
1043,11219168,"rotem israeli","2023-11-25 00:48:21",0.003,12,rotemisraeli
1044,11273091,rn,"2024-01-31 12:18:57",0.003,70,"brianpulfer,pranshubahadur"
1045,11410701,"Meymene Adıyaman","2023-12-30 13:18:22",0.003,7,meymeneadyaman
1046,11303675,MrThinkalot,"2023-12-30 13:06:04",0.002,21,kartikyanigar
1047,11335453,BioSync,"2024-01-06 12:07:51",0.002,1,"ashwanthramas,jaisoo,sindhuhs"
1048,11408797,Icarus,"2023-12-23 03:55:42",0.002,2,"xiejingcheng,zjwxdu"
1049,11327218,"Sergey Yakovlev","2024-01-30 07:55:57",0.002,6,sergeyyakovlev1312
1050,11258285,DT,"2024-01-12 01:23:39",0.002,9,dyytnnguyn
1051,11213151,"Magdi El-Sharkawy","2024-01-19 19:09:09",0.001,11,magdielsharkawy
1052,11369320,"helen molto","2024-01-15 18:38:38",0.001,10,helenmolto
1053,11364969,"Ryan Chew","2024-02-03 08:29:40",0.001,16,ryanchew1
1054,11266637,rockets,"2023-12-08 14:55:17",0.001,28,"hechenx,mm20000807,zhenghangli22"
1055,11268708,"Ma Edward","2024-01-28 20:18:56",0.001,13,maedward
1056,11326418,"Ofir Flaysher","2023-12-10 20:40:47",0.001,9,ofirflaysher
1057,11238860,Ozi,"2023-12-21 13:31:51",0.001,7,muhammaduzair21
1058,11489562,Mattie,"2024-01-31 09:26:46",0.001,4,hzhangsg
1059,11231243,Team,"2023-11-14 07:46:27",0.001,11,zzzsakura
1060,11427257,"axel dinh van chi","2023-12-22 19:27:58",0.000,5,axeldinhvanchi
1061,11332757,hibiki_940,"2023-12-07 02:11:14",0.000,10,hibiki940
1062,11373573,ZeeBee,"2023-12-17 01:12:36",0.000,5,zeebee
1063,11264656,b45370,"2024-01-06 15:26:58",0.000,6,b45370
0,11245232,sample_submission.csv,"2023-11-14 19:10:43",0.000,1,
1064,11208769,"Team +1","2023-11-08 03:34:27",0.000,2,pakapro
1065,11218989,Swaraj,"2023-11-10 13:52:39",0.000,1,"swarajdusane,yashkumardubey"
1066,11220073,NM12,"2023-11-25 02:30:26",0.000,11,mnathic
1067,11225304,"Christian DeAngelis","2023-11-10 21:55:05",0.000,3,christiandeangelis1
1068,11214275,"Samuel Yawson","2023-11-10 22:06:58",0.000,1,samuelyawson
1069,11224221,"Lionel Lwamba","2023-11-11 10:56:42",0.000,1,lionellwamba
1070,11217869,stpete_ishii,"2023-12-19 02:41:18",0.000,17,stpeteishii
1071,11232342,"On The Road 2024","2023-11-19 22:44:16",0.000,3,harryatwork2023
1072,11236479,"chang liuss","2023-11-13 12:34:40",0.000,1,"changliuss,jackeyshi,kiki404"
1073,11208527,"Salman Khaliq","2023-12-21 15:56:54",0.000,30,salmankhaliq22
1074,11227642,"Gopalakrishnan Kumar","2024-01-25 07:10:33",0.000,56,gopalakrishnankumar
1075,11225142,"Muhammad Shahid","2023-11-21 15:44:07",0.000,16,shahid313
1076,11247465,"suhee sukhee","2023-11-15 09:39:07",0.000,1,suheesukhee
1077,11249623,"Muste A(M.A)","2023-11-15 16:27:17",0.000,1,mustefaage22m014
1078,11226425,"Bushara A R","2023-11-19 09:34:02",0.000,5,busharakmea
1079,11232450,"Shreyas Daniel Gaddam","2023-11-16 07:06:45",0.000,2,shreydan
1080,11235664,TuMinhDang,"2023-11-16 03:50:18",0.000,4,darkswordmg
1081,11211146,Alex,"2023-12-05 12:41:58",0.000,28,ermak9
1082,11224422,"Kushagra Agrawal","2023-11-19 05:54:17",0.000,8,kushagra1067
1083,11233809,coderRKJ,"2023-11-19 08:34:33",0.000,2,coderrkj
1084,11224397,"Charlie Wartnaby","2023-11-20 21:21:50",0.000,2,charliewartnaby
1085,11272558,citta_sj,"2023-11-22 07:04:23",0.000,4,cittasj
1086,11226261,zhuang,"2024-01-07 15:39:41",0.000,3,pku0901011
1087,11269048,"Tom Gottselich","2023-12-01 13:01:03",0.000,5,tomgottselich
1088,11271882,KimDOngSU,"2023-11-22 18:28:53",0.000,3,kimdongsu
1089,11284884,"Mio Kajita","2023-11-24 03:09:36",0.000,9,miokajita
1090,11270844,"Mitja Klutzny","2023-11-24 02:20:25",0.000,2,mitjaklutzny
1091,11291623,richlukich,"2023-11-24 06:00:00",0.000,2,richlukich
1092,11289143,Suraj,"2023-11-25 16:13:59",0.000,5,suraj520
1093,11298604,"Dino Wun","2023-11-26 07:39:30",0.000,1,dinowun
1094,11316384,"Amirreza Ghasemi","2023-11-29 01:45:25",0.000,2,amirreza1370
1095,11238094,BurntPotato,"2023-11-29 18:28:24",0.000,5,burntpotato
1096,11217262,"wonwoo Jang","2023-12-26 06:51:24",0.000,21,wonwooj
1097,11332957,MuditJain1729,"2023-12-04 16:45:02",0.000,3,muditjain1729
1098,11304818,"Sebastian Dirndorfer","2023-12-10 11:31:49",0.000,5,sdirndorfer
1099,11316380,masquer,"2023-12-03 19:15:12",0.000,2,masquer
1100,11267722,"Rajib Lama","2023-12-04 15:21:19",0.000,3,natsulama
1101,11262266,ram-ki,"2023-12-05 00:51:46",0.000,2,ramakrishnanna18b030
1102,11217760,Christian,"2023-12-04 18:05:04",0.000,1,christianredeker
1103,11340037,Nemesis,"2023-12-05 16:30:50",0.000,4,nemesis2
1104,11356971,JJLinnnnnnnnnn,"2023-12-06 18:20:49",0.000,2,jjlinnnnnnnnnn
1105,11337127,RamziSayah_0,"2023-12-07 17:52:16",0.000,3,ramzisayah0
1106,11224405,Hossein,"2023-12-10 20:07:19",0.000,7,hossein24
1107,11331622,"Shalini D M","2023-12-19 04:59:40",0.000,6,"krishna1908,shalinidm"
1108,11370878,HIT_TIB_K331,"2023-12-18 12:00:38",0.000,5,neaumsr
1109,11381180,"Akash Maity","2023-12-16 00:59:06",0.000,15,akashmaity
1110,11407434,AntonioAhumada,"2023-12-18 08:57:07",0.000,3,antonioahumada
1111,11377925,ProgPug314,"2023-12-29 11:17:59",0.000,2,progpug314
1112,11285961,"Srinivas Peri","2023-12-25 19:21:56",0.000,14,srinivasperi
1113,11206545,mhdaw,"2023-12-24 09:07:06",0.000,2,mahdiseddigh
1114,11411428,RFeng12,"2023-12-24 06:41:18",0.000,2,rfeng12
1115,11441781,HaneefRasheed,"2023-12-26 18:15:14",0.000,2,h3rasheed
1116,11432923,MichaelHiggins212,"2023-12-26 19:07:48",0.000,1,michaelhiggins212
1117,11438428,"Simon Sun","2023-12-27 11:38:45",0.000,1,moapacha
1118,11402356,"Selvakumaran R","2023-12-27 17:06:09",0.000,1,selvakumaranr
1119,11444462,chiyanchiyan,"2023-12-28 09:03:45",0.000,2,"chiyanchiyan,kkkminz"
1120,11450331,Panther314,"2023-12-29 06:11:05",0.000,3,pantha123
1121,11456415,ShraddhaSharma,"2023-12-31 07:47:04",0.000,1,shradz18
1122,11345176,"Rohit Dileep","2024-01-07 08:41:26",0.000,34,rohitdileep
1123,11459835,"Bekzat uteulin","2024-01-01 16:16:59",0.000,1,bebeaa
1124,11223087,"Mohamed saber halawa","2024-01-02 19:38:34",0.000,1,mohamedsaberhalawa
1125,11451570,PUN,"2024-01-04 10:12:14",0.000,10,pshikk
1126,11472443,"Yohannes Tadiwos","2024-01-23 11:37:21",0.000,5,yohannestadiwos
1127,11483399,MITANSHU,"2024-01-07 21:06:43",0.000,1,mitanshuchakrawarty
1128,11486728,zheng_learning,"2024-01-09 15:19:23",0.000,1,zhenglearning
1129,11488377,"Matt Burke","2024-01-11 06:13:02",0.000,1,mattjburke
1130,11392361,Jekasm19,"2024-01-11 16:29:03",0.000,8,"jekasm19,paulverrinder"
1131,11468368,"Max Layc","2024-01-29 14:27:18",0.000,3,maxelayc
1132,11413288,"Shreyans Jain","2024-01-31 15:38:27",0.000,4,shreyansjain06
1133,11321738,"Shamil Arslanov (homomorfism)","2024-01-14 07:34:36",0.000,4,hashshes
1134,11403384,"Amit Sanger","2024-01-14 09:17:36",0.000,1,amitsanger
1135,11451682,Thien,"2024-01-14 13:12:46",0.000,1,crackle
1136,11386077,TengYunxiao,"2024-01-17 08:52:09",0.000,3,"gz123456789,tyx581006"
1137,11461456,Sravani,"2024-01-19 05:09:51",0.000,3,ssravani8
1138,11477599,"trivendra rahi","2024-01-20 07:02:09",0.000,9,trivendrarahi
1139,11364244,"Fernando José Rendón Segador","2024-01-29 07:17:56",0.000,2,frendon
1140,11454421,"Fatm Dymn","2024-02-01 07:49:21",0.000,5,fatmdymn
1141,11517965,"Ahmed Mostafa","2024-02-01 04:11:52",0.000,1,republic966
1142,11483815,Kaggler,"2024-02-03 05:18:40",0.000,19,"jinyoo1021,johmin8888,minjaejeongmj,mochimuchicha"
1143,11462792,WinaNA,"2024-02-04 04:25:49",0.000,7,phongkhonghong
1144,11472013,"Leonid Didukh","2024-02-04 20:54:26",0.000,7,tomorrow2ayebizche
1145,11418838,Tsutomu.Azuma,"2024-02-05 08:17:49",0.000,13,tazuma
1146,11487314,Dysvalence,"2024-02-05 01:29:12",0.000,20,dysvalence
1147,11484418,"Jay Yanamandala","2024-02-05 01:19:01",0.000,2,jayyanamandala
1148,11460213,"Shrajan Bhandary","2024-02-05 10:01:50",0.000,3,shrajanb
